symbol,event_date,known_date,event_type,event_risk_score,expected_move
SPY,2018-03-26,2018-02-24,earnings,35,0.05
SPY,2018-06-24,2018-05-25,earnings,35,0.05
SPY,2018-09-22,2018-08-23,earnings,35,0.05
SPY,2018-12-21,2018-11-21,earnings,35,0.05
SPY,2019-03-21,2019-02-19,earnings,35,0.05
SPY,2019-06-19,2019-05-20,earnings,35,0.05
SPY,2019-09-17,2019-08-18,earnings,35,0.05
SPY,2019-12-16,2019-11-16,earnings,35,0.05
SPY,2020-03-15,2020-02-14,earnings,35,0.05
SPY,2020-06-13,2020-05-14,earnings,35,0.05
SPY,2020-09-11,2020-08-12,earnings,35,0.05
SPY,2020-12-10,2020-11-10,earnings,35,0.05
SPY,2021-03-10,2021-02-08,earnings,35,0.05
SPY,2021-06-08,2021-05-09,earnings,35,0.05
SPY,2021-09-06,2021-08-07,earnings,35,0.05
SPY,2021-12-05,2021-11-05,earnings,35,0.05
SPY,2022-03-05,2022-02-03,earnings,35,0.05
SPY,2022-06-03,2022-05-04,earnings,35,0.05
SPY,2022-09-01,2022-08-02,earnings,35,0.05
SPY,2022-11-30,2022-10-31,earnings,35,0.05
SPY,2023-02-28,2023-01-29,earnings,35,0.05
SPY,2023-05-29,2023-04-29,earnings,35,0.05
SPY,2023-08-27,2023-07-28,earnings,35,0.05
SPY,2023-11-25,2023-10-26,earnings,35,0.05
SPY,2024-02-23,2024-01-24,earnings,35,0.05
SPY,2024-05-23,2024-04-23,earnings,35,0.05
SPY,2024-08-21,2024-07-22,earnings,35,0.05
SPY,2024-11-19,2024-10-20,earnings,35,0.05
SPY,2025-02-17,2025-01-18,earnings,35,0.05
SPY,2025-05-18,2025-04-18,earnings,35,0.05
SPY,2025-08-16,2025-07-17,earnings,35,0.05
SPY,2025-11-14,2025-10-15,earnings,35,0.05
SPY,2026-02-12,2026-01-13,earnings,35,0.05
QQQ,2018-03-26,2018-02-24,earnings,45,0.07
QQQ,2018-06-24,2018-05-25,earnings,45,0.07
QQQ,2018-09-22,2018-08-23,earnings,45,0.07
QQQ,2018-12-21,2018-11-21,earnings,45,0.07
QQQ,2019-03-21,2019-02-19,earnings,45,0.07
QQQ,2019-06-19,2019-05-20,earnings,45,0.07
QQQ,2019-09-17,2019-08-18,earnings,45,0.07
QQQ,2019-12-16,2019-11-16,earnings,45,0.07
QQQ,2020-03-15,2020-02-14,earnings,45,0.07
QQQ,2020-06-13,2020-05-14,earnings,45,0.07
QQQ,2020-09-11,2020-08-12,earnings,45,0.07
QQQ,2020-12-10,2020-11-10,earnings,45,0.07
QQQ,2021-03-10,2021-02-08,earnings,45,0.07
QQQ,2021-06-08,2021-05-09,earnings,45,0.07
QQQ,2021-09-06,2021-08-07,earnings,45,0.07
QQQ,2021-12-05,2021-11-05,earnings,45,0.07
QQQ,2022-03-05,2022-02-03,earnings,45,0.07
QQQ,2022-06-03,2022-05-04,earnings,45,0.07
QQQ,2022-09-01,2022-08-02,earnings,45,0.07
QQQ,2022-11-30,2022-10-31,earnings,45,0.07
QQQ,2023-02-28,2023-01-29,earnings,45,0.07
QQQ,2023-05-29,2023-04-29,earnings,45,0.07
QQQ,2023-08-27,2023-07-28,earnings,45,0.07
QQQ,2023-11-25,2023-10-26,earnings,45,0.07
QQQ,2024-02-23,2024-01-24,earnings,45,0.07
QQQ,2024-05-23,2024-04-23,earnings,45,0.07
QQQ,2024-08-21,2024-07-22,earnings,45,0.07
QQQ,2024-11-19,2024-10-20,earnings,45,0.07
QQQ,2025-02-17,2025-01-18,earnings,45,0.07
QQQ,2025-05-18,2025-04-18,earnings,45,0.07
QQQ,2025-08-16,2025-07-17,earnings,45,0.07
QQQ,2025-11-14,2025-10-15,earnings,45,0.07
QQQ,2026-02-12,2026-01-13,earnings,45,0.07
SMH,2018-03-26,2018-02-24,earnings,55,0.09
SMH,2018-06-24,2018-05-25,earnings,55,0.09
SMH,2018-09-22,2018-08-23,earnings,55,0.09
SMH,2018-12-21,2018-11-21,earnings,55,0.09
SMH,2019-03-21,2019-02-19,earnings,55,0.09
SMH,2019-06-19,2019-05-20,earnings,55,0.09
SMH,2019-09-17,2019-08-18,earnings,55,0.09
SMH,2019-12-16,2019-11-16,earnings,55,0.09
SMH,2020-03-15,2020-02-14,earnings,55,0.09
SMH,2020-06-13,2020-05-14,earnings,55,0.09
SMH,2020-09-11,2020-08-12,earnings,55,0.09
SMH,2020-12-10,2020-11-10,earnings,55,0.09
SMH,2021-03-10,2021-02-08,earnings,55,0.09
SMH,2021-06-08,2021-05-09,earnings,55,0.09
SMH,2021-09-06,2021-08-07,earnings,55,0.09
SMH,2021-12-05,2021-11-05,earnings,55,0.09
SMH,2022-03-05,2022-02-03,earnings,55,0.09
SMH,2022-06-03,2022-05-04,earnings,55,0.09
SMH,2022-09-01,2022-08-02,earnings,55,0.09
SMH,2022-11-30,2022-10-31,earnings,55,0.09
SMH,2023-02-28,2023-01-29,earnings,55,0.09
SMH,2023-05-29,2023-04-29,earnings,55,0.09
SMH,2023-08-27,2023-07-28,earnings,55,0.09
SMH,2023-11-25,2023-10-26,earnings,55,0.09
SMH,2024-02-23,2024-01-24,earnings,55,0.09
SMH,2024-05-23,2024-04-23,earnings,55,0.09
SMH,2024-08-21,2024-07-22,earnings,55,0.09
SMH,2024-11-19,2024-10-20,earnings,55,0.09
SMH,2025-02-17,2025-01-18,earnings,55,0.09
SMH,2025-05-18,2025-04-18,earnings,55,0.09
SMH,2025-08-16,2025-07-17,earnings,55,0.09
SMH,2025-11-14,2025-10-15,earnings,55,0.09
SMH,2026-02-12,2026-01-13,earnings,55,0.09
NVDA,2018-03-26,2018-02-24,earnings,65,0.05
NVDA,2018-06-24,2018-05-25,earnings,65,0.05
NVDA,2018-09-22,2018-08-23,earnings,65,0.05
NVDA,2018-12-21,2018-11-21,earnings,65,0.05
NVDA,2019-03-21,2019-02-19,earnings,65,0.05
NVDA,2019-06-19,2019-05-20,earnings,65,0.05
NVDA,2019-09-17,2019-08-18,earnings,65,0.05
NVDA,2019-12-16,2019-11-16,earnings,65,0.05
NVDA,2020-03-15,2020-02-14,earnings,65,0.05
NVDA,2020-06-13,2020-05-14,earnings,65,0.05
NVDA,2020-09-11,2020-08-12,earnings,65,0.05
NVDA,2020-12-10,2020-11-10,earnings,65,0.05
NVDA,2021-03-10,2021-02-08,earnings,65,0.05
NVDA,2021-06-08,2021-05-09,earnings,65,0.05
NVDA,2021-09-06,2021-08-07,earnings,65,0.05
NVDA,2021-12-05,2021-11-05,earnings,65,0.05
NVDA,2022-03-05,2022-02-03,earnings,65,0.05
NVDA,2022-06-03,2022-05-04,earnings,65,0.05
NVDA,2022-09-01,2022-08-02,earnings,65,0.05
NVDA,2022-11-30,2022-10-31,earnings,65,0.05
NVDA,2023-02-28,2023-01-29,earnings,65,0.05
NVDA,2023-05-29,2023-04-29,earnings,65,0.05
NVDA,2023-08-27,2023-07-28,earnings,65,0.05
NVDA,2023-11-25,2023-10-26,earnings,65,0.05
NVDA,2024-02-23,2024-01-24,earnings,65,0.05
NVDA,2024-05-23,2024-04-23,earnings,65,0.05
NVDA,2024-08-21,2024-07-22,earnings,65,0.05
NVDA,2024-11-19,2024-10-20,earnings,65,0.05
NVDA,2025-02-17,2025-01-18,earnings,65,0.05
NVDA,2025-05-18,2025-04-18,earnings,65,0.05
NVDA,2025-08-16,2025-07-17,earnings,65,0.05
NVDA,2025-11-14,2025-10-15,earnings,65,0.05
NVDA,2026-02-12,2026-01-13,earnings,65,0.05
AMD,2018-03-26,2018-02-24,earnings,35,0.07
AMD,2018-06-24,2018-05-25,earnings,35,0.07
AMD,2018-09-22,2018-08-23,earnings,35,0.07
AMD,2018-12-21,2018-11-21,earnings,35,0.07
AMD,2019-03-21,2019-02-19,earnings,35,0.07
AMD,2019-06-19,2019-05-20,earnings,35,0.07
AMD,2019-09-17,2019-08-18,earnings,35,0.07
AMD,2019-12-16,2019-11-16,earnings,35,0.07
AMD,2020-03-15,2020-02-14,earnings,35,0.07
AMD,2020-06-13,2020-05-14,earnings,35,0.07
AMD,2020-09-11,2020-08-12,earnings,35,0.07
AMD,2020-12-10,2020-11-10,earnings,35,0.07
AMD,2021-03-10,2021-02-08,earnings,35,0.07
AMD,2021-06-08,2021-05-09,earnings,35,0.07
AMD,2021-09-06,2021-08-07,earnings,35,0.07
AMD,2021-12-05,2021-11-05,earnings,35,0.07
AMD,2022-03-05,2022-02-03,earnings,35,0.07
AMD,2022-06-03,2022-05-04,earnings,35,0.07
AMD,2022-09-01,2022-08-02,earnings,35,0.07
AMD,2022-11-30,2022-10-31,earnings,35,0.07
AMD,2023-02-28,2023-01-29,earnings,35,0.07
AMD,2023-05-29,2023-04-29,earnings,35,0.07
AMD,2023-08-27,2023-07-28,earnings,35,0.07
AMD,2023-11-25,2023-10-26,earnings,35,0.07
AMD,2024-02-23,2024-01-24,earnings,35,0.07
AMD,2024-05-23,2024-04-23,earnings,35,0.07
AMD,2024-08-21,2024-07-22,earnings,35,0.07
AMD,2024-11-19,2024-10-20,earnings,35,0.07
AMD,2025-02-17,2025-01-18,earnings,35,0.07
AMD,2025-05-18,2025-04-18,earnings,35,0.07
AMD,2025-08-16,2025-07-17,earnings,35,0.07
AMD,2025-11-14,2025-10-15,earnings,35,0.07
AMD,2026-02-12,2026-01-13,earnings,35,0.07
AVGO,2018-03-26,2018-02-24,earnings,45,0.09
AVGO,2018-06-24,2018-05-25,earnings,45,0.09
AVGO,2018-09-22,2018-08-23,earnings,45,0.09
AVGO,2018-12-21,2018-11-21,earnings,45,0.09
AVGO,2019-03-21,2019-02-19,earnings,45,0.09
AVGO,2019-06-19,2019-05-20,earnings,45,0.09
AVGO,2019-09-17,2019-08-18,earnings,45,0.09
AVGO,2019-12-16,2019-11-16,earnings,45,0.09
AVGO,2020-03-15,2020-02-14,earnings,45,0.09
AVGO,2020-06-13,2020-05-14,earnings,45,0.09
AVGO,2020-09-11,2020-08-12,earnings,45,0.09
AVGO,2020-12-10,2020-11-10,earnings,45,0.09
AVGO,2021-03-10,2021-02-08,earnings,45,0.09
AVGO,2021-06-08,2021-05-09,earnings,45,0.09
AVGO,2021-09-06,2021-08-07,earnings,45,0.09
AVGO,2021-12-05,2021-11-05,earnings,45,0.09
AVGO,2022-03-05,2022-02-03,earnings,45,0.09
AVGO,2022-06-03,2022-05-04,earnings,45,0.09
AVGO,2022-09-01,2022-08-02,earnings,45,0.09
AVGO,2022-11-30,2022-10-31,earnings,45,0.09
AVGO,2023-02-28,2023-01-29,earnings,45,0.09
AVGO,2023-05-29,2023-04-29,earnings,45,0.09
AVGO,2023-08-27,2023-07-28,earnings,45,0.09
AVGO,2023-11-25,2023-10-26,earnings,45,0.09
AVGO,2024-02-23,2024-01-24,earnings,45,0.09
AVGO,2024-05-23,2024-04-23,earnings,45,0.09
AVGO,2024-08-21,2024-07-22,earnings,45,0.09
AVGO,2024-11-19,2024-10-20,earnings,45,0.09
AVGO,2025-02-17,2025-01-18,earnings,45,0.09
AVGO,2025-05-18,2025-04-18,earnings,45,0.09
AVGO,2025-08-16,2025-07-17,earnings,45,0.09
AVGO,2025-11-14,2025-10-15,earnings,45,0.09
AVGO,2026-02-12,2026-01-13,earnings,45,0.09
CEG,2018-03-26,2018-02-24,earnings,55,0.05
CEG,2018-06-24,2018-05-25,earnings,55,0.05
CEG,2018-09-22,2018-08-23,earnings,55,0.05
CEG,2018-12-21,2018-11-21,earnings,55,0.05
CEG,2019-03-21,2019-02-19,earnings,55,0.05
CEG,2019-06-19,2019-05-20,earnings,55,0.05
CEG,2019-09-17,2019-08-18,earnings,55,0.05
CEG,2019-12-16,2019-11-16,earnings,55,0.05
CEG,2020-03-15,2020-02-14,earnings,55,0.05
CEG,2020-06-13,2020-05-14,earnings,55,0.05
CEG,2020-09-11,2020-08-12,earnings,55,0.05
CEG,2020-12-10,2020-11-10,earnings,55,0.05
CEG,2021-03-10,2021-02-08,earnings,55,0.05
CEG,2021-06-08,2021-05-09,earnings,55,0.05
CEG,2021-09-06,2021-08-07,earnings,55,0.05
CEG,2021-12-05,2021-11-05,earnings,55,0.05
CEG,2022-03-05,2022-02-03,earnings,55,0.05
CEG,2022-06-03,2022-05-04,earnings,55,0.05
CEG,2022-09-01,2022-08-02,earnings,55,0.05
CEG,2022-11-30,2022-10-31,earnings,55,0.05
CEG,2023-02-28,2023-01-29,earnings,55,0.05
CEG,2023-05-29,2023-04-29,earnings,55,0.05
CEG,2023-08-27,2023-07-28,earnings,55,0.05
CEG,2023-11-25,2023-10-26,earnings,55,0.05
CEG,2024-02-23,2024-01-24,earnings,55,0.05
CEG,2024-05-23,2024-04-23,earnings,55,0.05
CEG,2024-08-21,2024-07-22,earnings,55,0.05
CEG,2024-11-19,2024-10-20,earnings,55,0.05
CEG,2025-02-17,2025-01-18,earnings,55,0.05
CEG,2025-05-18,2025-04-18,earnings,55,0.05
CEG,2025-08-16,2025-07-17,earnings,55,0.05
CEG,2025-11-14,2025-10-15,earnings,55,0.05
CEG,2026-02-12,2026-01-13,earnings,55,0.05
VST,2018-03-26,2018-02-24,earnings,65,0.07
VST,2018-06-24,2018-05-25,earnings,65,0.07
VST,2018-09-22,2018-08-23,earnings,65,0.07
VST,2018-12-21,2018-11-21,earnings,65,0.07
VST,2019-03-21,2019-02-19,earnings,65,0.07
VST,2019-06-19,2019-05-20,earnings,65,0.07
VST,2019-09-17,2019-08-18,earnings,65,0.07
VST,2019-12-16,2019-11-16,earnings,65,0.07
VST,2020-03-15,2020-02-14,earnings,65,0.07
VST,2020-06-13,2020-05-14,earnings,65,0.07
VST,2020-09-11,2020-08-12,earnings,65,0.07
VST,2020-12-10,2020-11-10,earnings,65,0.07
VST,2021-03-10,2021-02-08,earnings,65,0.07
VST,2021-06-08,2021-05-09,earnings,65,0.07
VST,2021-09-06,2021-08-07,earnings,65,0.07
VST,2021-12-05,2021-11-05,earnings,65,0.07
VST,2022-03-05,2022-02-03,earnings,65,0.07
VST,2022-06-03,2022-05-04,earnings,65,0.07
VST,2022-09-01,2022-08-02,earnings,65,0.07
VST,2022-11-30,2022-10-31,earnings,65,0.07
VST,2023-02-28,2023-01-29,earnings,65,0.07
VST,2023-05-29,2023-04-29,earnings,65,0.07
VST,2023-08-27,2023-07-28,earnings,65,0.07
VST,2023-11-25,2023-10-26,earnings,65,0.07
VST,2024-02-23,2024-01-24,earnings,65,0.07
VST,2024-05-23,2024-04-23,earnings,65,0.07
VST,2024-08-21,2024-07-22,earnings,65,0.07
VST,2024-11-19,2024-10-20,earnings,65,0.07
VST,2025-02-17,2025-01-18,earnings,65,0.07
VST,2025-05-18,2025-04-18,earnings,65,0.07
VST,2025-08-16,2025-07-17,earnings,65,0.07
VST,2025-11-14,2025-10-15,earnings,65,0.07
VST,2026-02-12,2026-01-13,earnings,65,0.07
FCX,2018-03-26,2018-02-24,earnings,35,0.09
FCX,2018-06-24,2018-05-25,earnings,35,0.09
FCX,2018-09-22,2018-08-23,earnings,35,0.09
FCX,2018-12-21,2018-11-21,earnings,35,0.09
FCX,2019-03-21,2019-02-19,earnings,35,0.09
FCX,2019-06-19,2019-05-20,earnings,35,0.09
FCX,2019-09-17,2019-08-18,earnings,35,0.09
FCX,2019-12-16,2019-11-16,earnings,35,0.09
FCX,2020-03-15,2020-02-14,earnings,35,0.09
FCX,2020-06-13,2020-05-14,earnings,35,0.09
FCX,2020-09-11,2020-08-12,earnings,35,0.09
FCX,2020-12-10,2020-11-10,earnings,35,0.09
FCX,2021-03-10,2021-02-08,earnings,35,0.09
FCX,2021-06-08,2021-05-09,earnings,35,0.09
FCX,2021-09-06,2021-08-07,earnings,35,0.09
FCX,2021-12-05,2021-11-05,earnings,35,0.09
FCX,2022-03-05,2022-02-03,earnings,35,0.09
FCX,2022-06-03,2022-05-04,earnings,35,0.09
FCX,2022-09-01,2022-08-02,earnings,35,0.09
FCX,2022-11-30,2022-10-31,earnings,35,0.09
FCX,2023-02-28,2023-01-29,earnings,35,0.09
FCX,2023-05-29,2023-04-29,earnings,35,0.09
FCX,2023-08-27,2023-07-28,earnings,35,0.09
FCX,2023-11-25,2023-10-26,earnings,35,0.09
FCX,2024-02-23,2024-01-24,earnings,35,0.09
FCX,2024-05-23,2024-04-23,earnings,35,0.09
FCX,2024-08-21,2024-07-22,earnings,35,0.09
FCX,2024-11-19,2024-10-20,earnings,35,0.09
FCX,2025-02-17,2025-01-18,earnings,35,0.09
FCX,2025-05-18,2025-04-18,earnings,35,0.09
FCX,2025-08-16,2025-07-17,earnings,35,0.09
FCX,2025-11-14,2025-10-15,earnings,35,0.09
FCX,2026-02-12,2026-01-13,earnings,35,0.09
SCCO,2018-03-26,2018-02-24,earnings,45,0.05
SCCO,2018-06-24,2018-05-25,earnings,45,0.05
SCCO,2018-09-22,2018-08-23,earnings,45,0.05
SCCO,2018-12-21,2018-11-21,earnings,45,0.05
SCCO,2019-03-21,2019-02-19,earnings,45,0.05
SCCO,2019-06-19,2019-05-20,earnings,45,0.05
SCCO,2019-09-17,2019-08-18,earnings,45,0.05
SCCO,2019-12-16,2019-11-16,earnings,45,0.05
SCCO,2020-03-15,2020-02-14,earnings,45,0.05
SCCO,2020-06-13,2020-05-14,earnings,45,0.05
SCCO,2020-09-11,2020-08-12,earnings,45,0.05
SCCO,2020-12-10,2020-11-10,earnings,45,0.05
SCCO,2021-03-10,2021-02-08,earnings,45,0.05
SCCO,2021-06-08,2021-05-09,earnings,45,0.05
SCCO,2021-09-06,2021-08-07,earnings,45,0.05
SCCO,2021-12-05,2021-11-05,earnings,45,0.05
SCCO,2022-03-05,2022-02-03,earnings,45,0.05
SCCO,2022-06-03,2022-05-04,earnings,45,0.05
SCCO,2022-09-01,2022-08-02,earnings,45,0.05
SCCO,2022-11-30,2022-10-31,earnings,45,0.05
SCCO,2023-02-28,2023-01-29,earnings,45,0.05
SCCO,2023-05-29,2023-04-29,earnings,45,0.05
SCCO,2023-08-27,2023-07-28,earnings,45,0.05
SCCO,2023-11-25,2023-10-26,earnings,45,0.05
SCCO,2024-02-23,2024-01-24,earnings,45,0.05
SCCO,2024-05-23,2024-04-23,earnings,45,0.05
SCCO,2024-08-21,2024-07-22,earnings,45,0.05
SCCO,2024-11-19,2024-10-20,earnings,45,0.05
SCCO,2025-02-17,2025-01-18,earnings,45,0.05
SCCO,2025-05-18,2025-04-18,earnings,45,0.05
SCCO,2025-08-16,2025-07-17,earnings,45,0.05
SCCO,2025-11-14,2025-10-15,earnings,45,0.05
SCCO,2026-02-12,2026-01-13,earnings,45,0.05
AAOI,2026-05-07,2026-04-16,earnings,50,0.15
