symbol,date,sector,industry,revenue_yoy_growth,eps_yoy_growth,free_cash_flow_growth,gross_margin,operating_margin,net_debt_to_ebitda,interest_coverage,price_to_sales,ev_to_ebitda,eps_estimate_revision_30d,revenue_estimate_revision_30d
SPY,2018-01-01,Technology,Sample Industry 0,0.015507783938123583,0.004831511370481359,0.04526062416355835,0.33561097390507166,0.11665722547143773,1.9134230062786692,3.7564665486463453,2.737326687938672,11.703788872746319,-0.03006446787934418,-0.012476110081321521
SPY,2018-04-01,Technology,Sample Industry 0,0.053966589049307324,0.10862999244467147,0.047708979518816225,0.38170686229608686,0.1318268169511135,1.587028063465612,4.190008951890715,2.2714293865987387,10.733290785739399,-0.029665208360524675,0.037841138858010895
SPY,2018-07-01,Technology,Sample Industry 0,0.005209340171546152,-0.0011697452487241418,0.09294332159991354,0.3652501676860321,0.08746332968349219,1.9963803211347675,3.8297424001844114,2.469065098367182,12.84982255420522,-0.014601936767873653,-0.004578994137551373
SPY,2018-10-01,Technology,Sample Industry 0,0.09685836827561634,-0.05049051816729609,0.015888923974274383,0.36130885991042067,0.0967589409973866,1.8914961817545723,3.507605930843147,2.5746194092576693,11.464438966933843,0.02652853456081667,0.022400797781143008
SPY,2019-01-01,Technology,Sample Industry 0,0.05414953771771541,0.0083660329151418,0.04768762349953705,0.3529880038778705,0.0973057516363221,2.2341118046185446,4.127399711104297,2.7656494833821283,10.71890012254855,0.029220175992234886,0.04426476665962475
SPY,2019-04-01,Technology,Sample Industry 0,0.07133495380197853,-0.03483674741028725,0.036369127825906525,0.35061180191742486,0.12619482835462453,1.970846459772039,4.235760765787725,2.3862731388908838,12.3209995857273,-0.01815477600109213,0.0037747380063150445
SPY,2019-07-01,Technology,Sample Industry 0,0.08277783032239658,0.0037539695640095433,0.06806043069777305,0.33387467968878987,0.11426059058665268,1.9699259327203826,4.538140415013761,2.2944621304017154,13.316631198098182,-0.04172505790338182,-0.0014447000631161123
SPY,2019-10-01,Technology,Sample Industry 0,0.08024184172225528,0.051543394282809296,-0.01661352426333304,0.3270376525498159,0.13944311643683943,1.762528843103946,4.268560947175391,2.367960081058934,12.074511382400381,0.07270765976966163,0.033022441374647146
SPY,2020-01-01,Technology,Sample Industry 0,0.07801018069001407,-0.03223299767346169,0.050406334629264055,0.35277092135387156,0.11966280590038308,2.287031490547843,3.3389934524777662,2.6216491712103314,12.21159745023957,-0.020255154489461333,0.036577424097860946
SPY,2020-04-01,Technology,Sample Industry 0,0.014066520099672075,0.024450665869792467,0.03819101950663546,0.3073306590855402,0.09272432954104502,1.8203692086045218,4.351575624236187,2.8115219187352145,12.68311010436615,0.009740097010093955,-0.04285293568897951
SPY,2020-07-01,Technology,Sample Industry 0,0.05899459480254756,0.002458125048945107,0.09329659281413372,0.37885547469068004,0.1668945492723081,2.159632098429349,4.362227334808508,2.210925940068797,12.160275685425912,-0.035124123560861815,0.019752301586181367
SPY,2020-10-01,Technology,Sample Industry 0,0.01610980626122442,0.01448432391269484,-0.007602976717611516,0.3420736597978172,0.1308278164019309,1.9013728103999932,4.120366459665954,2.2183834421992463,13.492469940588855,-0.017268196497964964,0.02205795152422932
SPY,2021-01-01,Technology,Sample Industry 0,0.11730618803169253,-0.07573361623015573,-0.01645275561536156,0.3473478066274833,0.1452515551505929,1.9168898992442187,4.184099750026688,2.3005086894181592,12.646185472857137,-0.034692526291602147,0.01847812580475683
SPY,2021-04-01,Technology,Sample Industry 0,-0.03885694787061118,-0.053807382008480814,0.12608725879118698,0.3549823420253785,0.10327972875605121,2.462538764844141,4.456541307957065,2.866228019188882,11.643720725802709,0.021152259661136426,0.011771236914105296
SPY,2021-07-01,Technology,Sample Industry 0,0.001580697730104108,0.047050631099075896,0.024218757668480275,0.3776328175795379,0.14803646401811085,1.8834086066433289,3.7826050564606835,2.5799679696291626,12.73869801361899,-0.010435428894169875,-0.0009114569509402036
SPY,2021-10-01,Technology,Sample Industry 0,0.07080464272665063,0.040075277240984,0.09281416171365116,0.35627367286139416,0.10330836372626183,1.6540477753188905,4.35907409956096,2.41874596574756,11.714253118002528,-0.0067985856948777875,-0.03073575794376225
SPY,2022-01-01,Technology,Sample Industry 0,0.040089397777889155,-0.0836072426403902,0.012860373590868508,0.33306234658499245,0.15894163494448244,2.105044366318873,3.939734268294692,2.5701553047094396,12.81375408894854,-0.021203694584505495,-0.0033621838882385165
SPY,2022-04-01,Technology,Sample Industry 0,0.041118402494879205,0.12444078899687691,0.03706843467447483,0.31105228226143716,0.13765881046835393,2.543387102644702,3.6344387252679393,3.589879272430425,12.001644070544446,0.0327623801305976,-0.010257567007326445
SPY,2022-07-01,Technology,Sample Industry 0,0.0436618698134035,-0.027935473835563943,-0.02098065043493702,0.3072835801625679,0.14479356846850394,1.7769548020549848,4.177990357163203,2.6210019152542476,11.396823171201927,0.003387645908426675,-0.0006758509306790698
SPY,2022-10-01,Technology,Sample Industry 0,0.036617324004905374,0.024566133067985125,0.03575118364924028,0.33026120416862836,0.09457590906350558,1.8377573574855937,4.074644947629289,2.945645101467867,13.57525589937163,0.011541629843232102,0.0207327159010509
SPY,2023-01-01,Technology,Sample Industry 0,0.055628364193678365,0.06796501252431913,0.039620262450108336,0.3593075278825401,0.11533740498697773,2.0107767830897982,4.8069169199559125,2.146944238846624,12.062258235201638,-0.0165303833278295,0.020993069808230503
SPY,2023-04-01,Technology,Sample Industry 0,0.10797398987509618,0.0094673265039433,-0.11021940015940937,0.3638708185962637,0.13388329684663988,1.6634932875984505,3.9230194302386416,2.496396374381234,9.666527046060153,0.022636128035343362,0.010226051530797841
SPY,2023-07-01,Technology,Sample Industry 0,0.059106457765258656,-0.021643823686613984,-0.0040454056019445725,0.33800072587194274,0.13101520044841994,1.8072927313493403,4.628056966813899,2.63375142064963,9.797553891836598,0.0539459771414146,0.004349588148612553
SPY,2023-10-01,Technology,Sample Industry 0,0.0344839980287936,0.026348196558340583,-0.06203604452028372,0.35498105906805477,0.07003419039257952,1.7980315512023948,4.582633164228559,2.908108482135938,11.696008302189748,-0.028604295743129796,0.020361945935043008
SPY,2024-01-01,Technology,Sample Industry 0,0.04991787520220323,0.030765290521001836,0.06497898711994801,0.3286094401519216,0.13744776356931235,1.5699640304881806,4.627140014770903,2.0244288480565005,11.393617365361594,-0.01948238135483139,0.01606402971726136
SPY,2024-04-01,Technology,Sample Industry 0,0.07464266732337378,0.036745364825262555,0.06045607878578261,0.36063543792069636,0.11936113661205033,1.6108369175389257,3.057013830634977,1.7940274734189585,11.992128175980767,-0.005867121359965806,-0.0020776730001136
SPY,2024-07-01,Technology,Sample Industry 0,0.05824893919207497,0.011810565688226955,-0.020059343068981023,0.3194746310137364,0.08122718857055802,2.2613120172025543,4.393914343752903,2.087919707609386,11.751949686962154,0.014916823419536958,0.03400608191544598
SPY,2024-10-01,Technology,Sample Industry 0,0.03225319536065094,0.028747231654521067,0.09217979250516684,0.3144522419738807,0.10539929939824497,1.9987880934073636,3.7128580858626377,3.1721584602939012,12.940186071121856,0.0071695363373228335,-0.019388318120316446
SPY,2025-01-01,Technology,Sample Industry 0,0.07815659295326216,0.047756410730066104,0.004737180084763454,0.3415712741966386,0.09008996270434796,1.9901978861609932,4.374388313116039,2.8230017001142977,12.636992615511417,0.026761285144792507,-0.011689315396421589
SPY,2025-04-01,Technology,Sample Industry 0,0.03617756564697766,0.07151567857732528,0.055041645421589847,0.3339947115385944,0.13105092532493134,2.179264497882452,4.306993732260862,2.5423188601999467,11.489657212089405,0.013350988072705407,0.03594220170536494
SPY,2025-07-01,Technology,Sample Industry 0,0.05544008545904766,-0.006781210715803482,0.04907834945330755,0.3248211931712587,0.125324520508691,1.9429161727842426,4.410276953799775,2.540194600628523,13.121095674062213,0.07274165899980603,-0.004023747583545352
SPY,2025-10-01,Technology,Sample Industry 0,0.024660935682686517,0.04018593766241742,0.026686615646877368,0.3534603728623808,0.10794353851646508,2.1207836084320566,4.038744545738502,1.8321304299529433,11.77787030172111,0.011144311877348075,0.025016544331697747
SPY,2026-01-01,Technology,Sample Industry 0,0.03267366679673211,-0.012468521753679674,0.09098570859847344,0.3377720455608286,0.1226458343968561,2.102950347950881,4.316131885003563,2.50936951592525,10.865620737941603,0.03221703126820142,-0.008584291833047994
SPY,2026-04-01,Technology,Sample Industry 0,0.034412105059696524,0.10434080967564052,0.07678161332819393,0.3283957356621439,0.1104210555093521,1.9532319280229464,3.6970379053986497,1.9085943960665686,12.85478360987155,0.024822274443107493,0.005486198724672331
QQQ,2018-01-01,Industrials,Sample Industry 1,0.04094983427578011,0.014032515131115055,0.10810535466764536,0.40294136966196614,0.13066657714899826,1.5367620752141176,4.823812814300769,3.2661697683106117,13.245531432172807,0.01268378383636705,-0.027210478730707637
QQQ,2018-04-01,Industrials,Sample Industry 1,0.0695932769128676,0.07417189523710485,-0.0987138701902747,0.3894524776369507,0.1549239786840829,1.837200714574053,5.039059526868457,3.180991730824423,14.274692242047902,0.003200091528731285,0.0017627749095259272
QQQ,2018-07-01,Industrials,Sample Industry 1,0.10577642738492518,0.06771819384669124,0.07474379768102918,0.37776536316884773,0.14060229312651895,1.9547117514576606,4.59422995641296,3.4960391483720787,12.697126461387555,0.06172021216593895,0.0240143353886153
QQQ,2018-10-01,Industrials,Sample Industry 1,0.044096336244107255,0.010154521024135457,-0.06873953379735115,0.3890463938898567,0.17302986900156325,1.8680320560102741,4.899503878030375,3.7942838051628076,14.535443211033739,0.011975385187465664,-0.005737682828135373
QQQ,2019-01-01,Industrials,Sample Industry 1,0.07691355061223053,0.12934512773282633,0.05178981826141202,0.3577690360302182,0.1542281240982906,2.120087796538164,5.460740884782278,3.050560722144716,14.338042264807946,-0.04276682540801163,0.012375831197517164
QQQ,2019-04-01,Industrials,Sample Industry 1,0.034550514441016804,0.007455554161428398,0.0025648722185350054,0.37616308784529756,0.18279197353579058,2.0357497913794296,4.888936087394062,3.2279348951116384,15.62939633977965,-0.008325800080580823,-0.008618497509504509
QQQ,2019-07-01,Industrials,Sample Industry 1,0.03540388258068481,0.08833378604731183,0.037934348959173136,0.3901750948599993,0.1418295691317326,1.5737623776882956,5.368623331235962,2.975241286069183,13.49453305325346,-0.04882139038672573,-0.021320213036346104
QQQ,2019-10-01,Industrials,Sample Industry 1,0.044969317769982274,0.00892674625939073,-0.043432056759421495,0.3780231720468298,0.14722925549809882,1.2416698274291882,5.222568287669938,3.1177388472939755,12.692111307858312,-0.008203360730489719,0.008364447506285925
QQQ,2020-01-01,Industrials,Sample Industry 1,0.05954382303697265,0.029211462559295947,0.030027525411638403,0.4023590593396899,0.12347122182817813,1.6337703785492417,5.143436617045025,3.204122266927227,12.95966441307558,-0.008598892233831751,-0.013775280813736909
QQQ,2020-04-01,Industrials,Sample Industry 1,0.060187678498080446,-0.03671909777341355,-0.049201581163282465,0.3617856681914091,0.147086721459804,2.2249018649843433,5.373388927172857,3.5500577420202655,13.993205970817046,0.045685459624943116,0.006535120583290977
QQQ,2020-07-01,Industrials,Sample Industry 1,0.06142711240316873,0.06928548139876306,-0.029664109088765843,0.34725724595508745,0.1265861466419386,2.0184667400553953,5.34006164481222,3.2488995300534493,13.75107966795704,-0.005560600830844397,0.007135030167462154
QQQ,2020-10-01,Industrials,Sample Industry 1,0.03435510541165518,0.05709449681511262,-0.01806942847960396,0.4156412843137636,0.14306583326403952,1.5670003189605015,4.880392842846784,2.92409083631878,13.849076561798217,-0.05313211093276232,-0.009980463696043057
QQQ,2021-01-01,Industrials,Sample Industry 1,0.06152171128078866,0.04199901782895771,0.009987273810579341,0.41301608370924986,0.11673217096819949,1.7029115897769038,4.802123021895837,3.1903603339250943,13.720519817082486,0.039517909616727985,-0.0005705585688091658
QQQ,2021-04-01,Industrials,Sample Industry 1,0.03226383594673671,0.12367617089379347,0.030628207499071636,0.386368375151427,0.1666871148248166,1.6290050162059675,4.902150152269922,3.4437486664716936,12.823376126879182,-0.013987890404693382,0.01776594795638369
QQQ,2021-07-01,Industrials,Sample Industry 1,0.11162129994056641,0.023842434885393105,0.023582520890004156,0.41063511619152326,0.12076575812073442,1.6096174958747878,4.6806774575223615,2.592210390379656,11.153432643589078,-0.01267955699640079,0.01714862344060752
QQQ,2021-10-01,Industrials,Sample Industry 1,0.07863979350740813,0.07614190713894833,-0.10420395994254553,0.3866071994741862,0.17542824733370666,1.5756170918546468,4.482235028421557,3.2935153540080067,13.986069237826595,0.017823018299825116,-0.000639506611845069
QQQ,2022-01-01,Industrials,Sample Industry 1,0.09551684000638094,0.05400258534355388,0.041220870557850064,0.38216445525714554,0.1632683820175937,1.6158234492436876,5.363967664162839,3.5291638251662167,14.898477030911623,-0.038025192187895365,0.008145388174216289
QQQ,2022-04-01,Industrials,Sample Industry 1,0.07017372592696229,0.061142758921349474,-0.046968241333135846,0.37786625642458643,0.14806643795570748,2.017873705259378,4.758774364109159,3.455554406759964,14.123612022997612,0.0559913038672842,0.005971253536810829
QQQ,2022-07-01,Industrials,Sample Industry 1,0.012233990272374554,0.01638660802963939,0.041559553910754186,0.41440453113158965,0.162583122352278,1.6913203962824381,4.498315162946667,3.2043453487269145,13.863799606879972,0.03850448697856514,0.017808050149873064
QQQ,2022-10-01,Industrials,Sample Industry 1,0.018376475852645846,-0.06337423088022846,0.00895194108751659,0.394959341059451,0.13068499441603668,1.645519825621755,5.458415618442705,3.411513052549243,12.296025051088176,0.009730556049481075,0.0028077016135537804
QQQ,2023-01-01,Industrials,Sample Industry 1,0.05360033144754141,0.04951270822404104,0.057919358216422884,0.4383948544459411,0.15421647000982386,1.6041180324582278,4.799029095002361,3.406995496606242,15.879555860339,0.017456290717902865,0.010273458272082588
QQQ,2023-04-01,Industrials,Sample Industry 1,0.06749988260101215,0.01006582444060377,0.03309814848136482,0.36603410467257025,0.16440309247844825,1.8406858570759015,5.0674453432882265,2.944649211979333,13.733138670322703,-0.017131915150219747,0.005775078764876067
QQQ,2023-07-01,Industrials,Sample Industry 1,0.051294898601687774,0.04182347400769932,0.07517920756742622,0.4146843540945464,0.12977542189369087,1.6828686031504736,4.568070117932343,3.5646887279375776,13.160433883028187,0.03943520936717045,-0.0099702941788632
QQQ,2023-10-01,Industrials,Sample Industry 1,0.08999525467395539,0.006508672257377526,0.018730551230703642,0.3923155602254759,0.15164578948177437,1.720187052428206,5.259492490902997,3.55026726154148,14.839094419108765,-0.014289399935286842,-0.0363747505449479
QQQ,2024-01-01,Industrials,Sample Industry 1,0.06318008696626305,-0.08333741637635605,0.06277810748004,0.40209294281827956,0.12611159126501853,1.863362754366451,4.739426212030215,3.5709744793560025,13.246938323244954,-0.02458448272914575,-0.012885753836505226
QQQ,2024-04-01,Industrials,Sample Industry 1,0.06692736279449962,-0.01278146344617,0.14027568460030784,0.382660526149287,0.18425631996563677,1.6936058399856269,4.874854269265089,2.990844831417188,13.253189830887287,0.012800863102130303,0.023419937350454428
QQQ,2024-07-01,Industrials,Sample Industry 1,0.06308582928107953,-0.007043467627888076,0.04030406690129778,0.37447587866420806,0.09747302814175585,1.7740823124605405,4.315164504201521,3.0134531534448556,14.04980747038879,-0.011855736695207328,-0.005186246505031487
QQQ,2024-10-01,Industrials,Sample Industry 1,0.10539288901234467,0.06535979335552781,0.1041146788007854,0.39412906570058104,0.15439580428545124,2.095512806560584,4.754277834059181,3.297045540121058,14.12854276587822,0.008544232579386473,0.01164521209117529
QQQ,2025-01-01,Industrials,Sample Industry 1,0.06345471859943615,0.05961778904017938,-0.011474449148864342,0.3996576529874156,0.12955832184335486,1.9599655415831032,5.381770050677353,3.1376033752708485,13.497263972620598,-0.000992113372613948,0.010652765719111728
QQQ,2025-04-01,Industrials,Sample Industry 1,0.01548589477871265,-0.011546172380530167,0.075358681708348,0.38560967162207166,0.1247179226195207,1.314025284235168,4.822135818316063,2.6827439194549143,14.108659140685019,-0.002868800446140583,0.03549111359771748
QQQ,2025-07-01,Industrials,Sample Industry 1,0.022865718912231034,0.05201752801433789,-0.029365223846545607,0.36945620423003045,0.14550628126576667,1.5805142478416092,5.699809614164025,3.1767025124324193,13.241898333111365,0.06672378023847116,-0.01604098400722513
QQQ,2025-10-01,Industrials,Sample Industry 1,0.048213758465497136,0.01861864931668874,-0.009379391800540704,0.4011036165681497,0.17254190675207082,1.4923392312403994,4.796611916551197,3.0787937052056638,12.601506616397193,-0.039616973805709305,-0.008040778531980155
QQQ,2026-01-01,Industrials,Sample Industry 1,0.03245453132752418,0.038397376690750766,0.06755545569121535,0.39270329438207086,0.15463173344772407,1.5620633311495231,4.747498908693552,3.2988135561591463,14.506189100892499,-0.004048378125429214,0.009553200232546577
QQQ,2026-04-01,Industrials,Sample Industry 1,0.051213381632887585,-0.019203746707135854,0.04245341523162375,0.3807596554288096,0.11599674555573478,1.9022428316667035,5.1273679322014445,3.3954944984654007,13.490810668299247,0.04145618359872022,0.008211893606423548
SMH,2018-01-01,Materials,Sample Industry 2,0.10672874665114016,0.05031080456268315,0.14093198479905072,0.40902495373277137,0.1880480714135829,1.6064081728795865,5.723690972630811,3.7279853060916235,16.693519574934008,0.007572835320988141,-0.011398300355147698
SMH,2018-04-01,Materials,Sample Industry 2,0.06621855780217586,0.06270116833052489,0.0198170553276728,0.4153443901755757,0.18779727563373297,1.4749262520046158,6.052080462311969,3.54827395742693,15.950284741828238,-0.011029997344111427,-0.028901589117626407
SMH,2018-07-01,Materials,Sample Industry 2,0.1161596405655839,0.0418510090664965,0.04251937438337926,0.44741312856617443,0.20791947008934306,1.7050588627598016,5.730464937487456,3.9691488533942776,15.411210772779723,-0.006652540103932312,0.007890066975843464
SMH,2018-10-01,Materials,Sample Industry 2,0.10595116538284922,-0.006314545396736773,0.06901564978049249,0.4378612072481317,0.1596321884258243,2.0832309495135055,5.960777146650881,4.263763611249498,15.959920622597878,0.01159975259168549,0.018104998020568232
SMH,2019-01-01,Materials,Sample Industry 2,0.07210702824209968,0.03714805605029536,0.09357954441499512,0.4525285433050097,0.22980148747730578,1.565163582745492,5.297626115797561,3.475279380907129,16.550103697214805,-0.029495356365779612,-0.028331785979181
SMH,2019-04-01,Materials,Sample Industry 2,0.1051931041677609,-0.028305900298746828,-0.05081979382337437,0.43382780577790275,0.20441921764627496,1.6665465020386974,5.547709593500846,4.134873391225979,15.00230172733332,0.009672352979647159,-0.061258873936478324
SMH,2019-07-01,Materials,Sample Industry 2,0.03220377716864499,0.051160530403599365,0.022742729450794034,0.43824987698472073,0.10219014421918024,1.7812437819414297,6.353769225146919,4.534054515426188,15.45412185453848,0.028517135598690884,0.012531364785696709
SMH,2019-10-01,Materials,Sample Industry 2,0.06434934959398626,0.05734665480861207,0.035638318311920665,0.4441830616252947,0.17673995126480388,1.520974180725833,5.703899047401636,3.780717276854266,16.233668522686706,0.010147060554290715,0.008208387064505242
SMH,2020-01-01,Materials,Sample Industry 2,0.09771819124859682,0.007093378724975591,-0.0073342070463980474,0.3968570817346381,0.20651515999635758,1.8952067395816734,6.161143947777114,4.100454475067886,15.253965770709106,0.004767657505040648,0.029168274414326935
SMH,2020-04-01,Materials,Sample Industry 2,0.0804899049070713,-0.019903360590445028,0.04648637956258604,0.4306995326475418,0.19835710685877667,1.8401648639083519,6.035791415075011,4.063758348104005,17.03647511236754,-0.024964352469175975,-0.003539738885181447
SMH,2020-07-01,Materials,Sample Industry 2,0.021093781458499557,0.04806286660483948,0.0686509016781355,0.43808299828601655,0.1900757010823261,1.356983781907272,5.683242920807503,4.303381945832614,16.718747093247245,-0.00935053037686434,0.013172137785297688
SMH,2020-10-01,Materials,Sample Industry 2,0.04852988388316781,-0.0018164564587439536,0.05005517088297547,0.4292226542845105,0.18703899573095834,1.9878591987411114,6.189629048408376,3.9682230766791475,18.12471520452145,-0.022283922471770825,-0.0018063993263318168
SMH,2021-01-01,Materials,Sample Industry 2,0.057140336365518116,0.03471352873074435,0.1478185192053137,0.3919635750502912,0.20672585686100015,1.2434947537750745,5.379598387383032,3.8692552958160156,15.956762784703917,-0.007723254026355281,-0.02143512256674622
SMH,2021-04-01,Materials,Sample Industry 2,0.09181244528623708,-0.013986129672838715,0.06421328595362472,0.4882062345923084,0.15467695763360068,1.5652825655837024,6.0726781109698615,3.451765552268686,16.074101970629222,0.03160718186028504,0.020308397637169948
SMH,2021-07-01,Materials,Sample Industry 2,0.09277338769233044,0.015251195642695989,0.02744985849096855,0.41348045684690526,0.20511014931672691,1.3642405167382419,5.59114221991868,3.743618131083956,17.790163186986092,-0.0465970208929972,0.019453621156332732
SMH,2021-10-01,Materials,Sample Industry 2,0.09542105607469184,0.016852136347031203,0.04438368121583594,0.4012929511471714,0.18932845781546825,1.6098752518793675,5.722166070224361,3.978308559109999,16.108896942566265,0.019857425217704547,0.015846135410212476
SMH,2022-01-01,Materials,Sample Industry 2,0.10520865688860168,0.035018976224711784,0.06402837838155948,0.44978829152650873,0.21553145301357135,1.5396078951282746,5.846259969965692,3.7278765311377073,15.989092234486446,-0.04976444651325922,-0.01990803193921079
SMH,2022-04-01,Materials,Sample Industry 2,0.09332736020004534,0.12166707818049605,0.1043161581624671,0.4194271456500281,0.20667596805353072,1.5905203667142247,5.830166817044114,4.334728147304039,17.027952218198266,0.030469113298016843,0.013855855530983417
SMH,2022-07-01,Materials,Sample Industry 2,0.10302373111105542,0.02840430488897691,0.02025976026767426,0.4201768777685535,0.20044001883972015,1.6192006621463375,6.441510707528067,3.8344426477962683,15.834183184077933,0.0030058380128680797,0.0026512115164386506
SMH,2022-10-01,Materials,Sample Industry 2,0.06644420275354064,0.09838544475355206,0.045365875106229366,0.3793664020237541,0.1699021047058765,1.5743035793735938,6.11062512981542,3.9537632302282653,15.902358285955701,0.049826862824892196,-0.013792585774622682
SMH,2023-01-01,Materials,Sample Industry 2,0.09678195613400223,0.0788981959594886,0.08568424285382947,0.47701244233652035,0.16481719744351828,1.396425380734106,6.20932458581163,4.102762293595838,16.71681188264125,-0.01619847363448371,-0.004894745260174941
SMH,2023-04-01,Materials,Sample Industry 2,0.12185559180503702,0.06906821661728921,0.07120922327077359,0.4500026691644246,0.21935155288573585,1.5006778984530271,6.187302601605919,3.4645782947059534,15.80260769745144,0.014001784125581168,0.01584526273837686
SMH,2023-07-01,Materials,Sample Industry 2,0.05252243012144818,-0.01303244081033711,-0.005293915092536718,0.39042590747750283,0.16119011202078976,1.4983854320046601,6.242404039048029,4.3823036543296645,16.294140348263653,-0.019427479779618437,0.006699624375978547
SMH,2023-10-01,Materials,Sample Industry 2,0.062449430085324754,0.08327605049668277,0.08991766072084131,0.3989201248630912,0.17687000592689447,1.9418078149878322,6.536797957861688,3.8734914833483445,13.00322468220553,0.024316613269155313,0.01007802154530049
SMH,2024-01-01,Materials,Sample Industry 2,0.06874123787123858,0.07313131452216629,0.04964507830215547,0.4438316149329792,0.17708966335183854,1.4863466125389146,6.196726862380483,3.8307752325740316,14.89439761769456,-0.03505793653789217,0.007378473896805638
SMH,2024-04-01,Materials,Sample Industry 2,0.04725766215260671,0.003991688650220343,-0.0004360399580770752,0.44529729829471143,0.13878715133811476,1.0131259492284508,6.102252779776892,3.853347710463738,17.557274099809216,-0.007657040938331805,-0.02864044396372771
SMH,2024-07-01,Materials,Sample Industry 2,0.0797213868395286,0.05045045823215629,0.04963747421859858,0.4380292425534216,0.2245103336294393,1.4367974397332155,6.174187413079669,3.8967827605204803,14.297936859727784,-0.03560821335362283,-0.017857803098367004
SMH,2024-10-01,Materials,Sample Industry 2,0.06103020516636837,-0.012164926645779207,0.10194980008964946,0.42831858081250096,0.16063034876765175,1.3542339780781694,6.0231300922719555,3.711294595309303,14.920919044576891,-0.03725279012520437,-0.0005717235198692217
SMH,2025-01-01,Materials,Sample Industry 2,0.12239996908969619,-0.07569048664393474,0.010020652947436245,0.43039691711136957,0.1631229469894413,1.94219849236414,6.059938351523029,3.3793504357679724,16.235904682047288,-0.036597336180687536,0.015398109824184485
SMH,2025-04-01,Materials,Sample Industry 2,0.06950620594185682,0.08251495508528614,-0.019688628526366707,0.4370500870617404,0.21218557320171128,1.4428434572802404,5.576396248706913,3.782438232430295,16.189109674101868,-0.012196324865478218,0.00831403530817819
SMH,2025-07-01,Materials,Sample Industry 2,0.10335257091014491,0.0009642391686275203,-0.04983073584287648,0.4110931848985635,0.1468952216470884,1.335751867450304,5.8759976353031,3.3697126706085525,15.978702263866243,-0.0038538883613428213,-0.03362018007298707
SMH,2025-10-01,Materials,Sample Industry 2,0.05436422120101127,-0.033861492474642,0.05437297019325578,0.421844280063632,0.18684892430938943,1.7528874986728102,6.211052538801108,3.8554599460294834,16.155957517869968,-0.01852367366940124,-0.003744866305152403
SMH,2026-01-01,Materials,Sample Industry 2,0.11769218722603644,0.006665182247247502,0.016703095966747083,0.4314395651122903,0.18394915755691804,1.6147791949596264,5.475495219827775,3.6995517841300742,15.743198357464054,0.0035011190174356393,0.00910648972714045
SMH,2026-04-01,Materials,Sample Industry 2,0.07721227825955686,0.03199461590984752,-0.023861901178574972,0.4038774371793812,0.15313205801339608,1.6295008076700954,6.550789714581837,3.5969814474309714,14.450179936934738,-0.016224969725734704,0.0007628722714910557
NVDA,2018-01-01,Utilities,Sample Industry 0,0.11619509326540056,0.06493643023392151,0.03489358518345731,0.457819170195981,0.25338208615133034,1.1693339559249776,6.1991637448415915,4.73075200005997,15.69888599053235,0.036991443388934314,-0.012659574734185471
NVDA,2018-04-01,Utilities,Sample Industry 0,0.0785852320665307,0.04349487494604494,0.013764276114525565,0.44235576333627435,0.21913539974929572,1.294868203750485,6.6582024512159395,4.805779048998703,18.59203196548696,-0.029461414854552455,-0.0005833770016989407
NVDA,2018-07-01,Utilities,Sample Industry 0,0.030387052441042048,-0.06288681800403215,0.07039062559720138,0.469101497744328,0.23327779715480934,1.2820545487021213,7.112779417900595,4.707752226064206,18.54479352969042,0.0180766514125459,-0.022397351725897127
NVDA,2018-10-01,Utilities,Sample Industry 0,0.09209192760963976,-0.0400384730155046,0.0427979097759024,0.512189790093094,0.25039255451454556,1.5477571675108721,6.734809128490834,4.786756771857641,17.108489651256694,0.02904077763910552,-0.003905132488772332
NVDA,2019-01-01,Utilities,Sample Industry 0,0.06165926539234307,0.05845045246890282,0.08217861183419882,0.4405578173304462,0.2045724034225396,1.2933885286941569,7.10029978782559,4.360805003302049,17.9229350293719,-0.02080731943499412,0.017938325265281677
NVDA,2019-04-01,Utilities,Sample Industry 0,0.09056316751804094,0.10630078445215284,-0.004013387820609546,0.4549129809412941,0.21468101515030857,1.4819461377339835,7.102701795729684,4.517817332329169,16.324492374673827,-0.010999889276589873,0.00511646115008159
NVDA,2019-07-01,Utilities,Sample Industry 0,0.11318609459225074,-0.01182827221398075,0.05651326747521555,0.4771221174542915,0.25308337707736306,1.4824157221946974,6.389804697659123,4.43663214921758,17.792768110733366,-0.02006626250196501,-0.010060835489550468
NVDA,2019-10-01,Utilities,Sample Industry 0,0.03853661116079151,0.026108214202788273,-0.013068140065654203,0.46438619385306223,0.19979356911282303,1.2835378061403266,7.017280088691315,4.5998358487156175,17.788259662332266,-0.04017327263210473,-0.004326328049127136
NVDA,2020-01-01,Utilities,Sample Industry 0,0.11688925232323666,0.04237855362197992,0.03164410883063614,0.47921435428349984,0.21068424465213714,1.1276203220544114,6.8779833831855965,4.312478430965929,16.9657901641079,-0.0009314831252598292,-0.010035271720477945
NVDA,2020-04-01,Utilities,Sample Industry 0,0.04700520844703591,0.05016340506836758,0.0586050874570271,0.4665396517438157,0.1984790063258184,1.612666852338471,7.047111692860803,4.440902538276007,18.924501052463043,0.04441279502982169,-0.02570645971627108
NVDA,2020-07-01,Utilities,Sample Industry 0,0.04626992656382394,0.03195418147518099,0.060940996218955726,0.44659299421454307,0.2350217345120639,1.2947801548440419,7.676010304596706,4.630255314738194,18.4809855170133,0.025114208085538662,-0.008494551328045765
NVDA,2020-10-01,Utilities,Sample Industry 0,0.0453952780487688,0.031634677771690135,-0.04844493946832289,0.4438304284827934,0.20793565630801195,1.3238229875768244,7.346368570786009,5.001570919697274,17.293079834826095,-0.04224169785676989,0.028144455905119443
NVDA,2021-01-01,Utilities,Sample Industry 0,0.08347911522480923,0.047671232428865076,-0.042115539994678486,0.44794194744998445,0.2238622881200826,1.1079169431074523,7.4834386871805965,4.29410379335288,19.30663247721676,-0.03901764577656796,-0.030814424229278083
NVDA,2021-04-01,Utilities,Sample Industry 0,0.07090996325292467,0.016462700492826374,-0.008724872090926046,0.4805155326535202,0.22486933791716326,1.0054259038297786,7.3271673499012895,5.009003687166033,19.236333399282913,-0.004218607087430822,-0.009089599386694777
NVDA,2021-07-01,Utilities,Sample Industry 0,0.0787505517730514,0.05636462437346269,-0.013305943219670581,0.43991197262280185,0.21367051586679162,1.305233387324061,7.028068576256209,4.216243561941218,16.3031648662631,-0.012158478948578891,0.007329032340536411
NVDA,2021-10-01,Utilities,Sample Industry 0,0.10780505807445992,0.022836569619388375,-0.045451662752548416,0.4470673604583352,0.19850061824184634,1.3722648536065791,6.291693535700193,4.4110605216383245,17.22730331681661,-0.0032680539286904426,-0.006959522906783203
NVDA,2022-01-01,Utilities,Sample Industry 0,0.04987335688897203,0.07670450304833719,0.08897893001959822,0.48762190246858766,0.2197611586234553,1.4044142428176842,7.186324524830727,4.63758799985261,16.336875869906777,0.005075343993855183,0.009855271445478004
NVDA,2022-04-01,Utilities,Sample Industry 0,0.0640512642739226,0.07957153994167881,0.03149464263124234,0.4476629145153199,0.23070812575900135,1.080396944095591,7.155611740654843,4.273580956771473,16.755958436594547,0.014330493341091523,-0.01289597139925086
NVDA,2022-07-01,Utilities,Sample Industry 0,0.06694411404437438,0.029706142694671485,0.04290251106734148,0.5011501580902451,0.2036010786503263,1.292494199952499,6.8733528169900096,5.098714304247076,18.19794133564547,-0.024049790508102346,-0.010780345522691588
NVDA,2022-10-01,Utilities,Sample Industry 0,0.12912091918254556,0.048916302296431464,0.1274174899208791,0.45250169628830916,0.22537046877249237,1.2091402407538518,7.023003331663186,4.668248328641467,18.889213583270024,-0.00396514507036666,0.008985654660766514
NVDA,2023-01-01,Utilities,Sample Industry 0,0.06224168481123854,0.02598603407208345,0.059832545222230096,0.4871443171926008,0.21252397247690932,1.6019390530573099,6.707515662235086,4.228806543661918,19.122801124164443,0.014418246671222592,-0.01181754907601053
NVDA,2023-04-01,Utilities,Sample Industry 0,0.12736916112418323,0.040736491893087076,0.1561421203554318,0.43851012293990654,0.19764140948265763,1.4083723871916507,7.547012064316764,5.094062693494421,17.595582276001522,0.003317630917033997,0.01159476690493973
NVDA,2023-07-01,Utilities,Sample Industry 0,0.10911830890262408,0.030737364536577973,0.02916304026148462,0.4396461797479193,0.2335025897151074,1.0860602466232794,7.259592351267044,4.707542676871029,18.43559115962016,-0.005967779930840964,0.015562722684642235
NVDA,2023-10-01,Utilities,Sample Industry 0,0.1019508345207189,0.009298269617740107,0.03139038294341963,0.4761093307342337,0.19295170939746667,1.3320373894113375,7.48275061358338,4.999504011377999,17.809247735097276,-0.08829332739024442,0.017058436311375037
NVDA,2024-01-01,Utilities,Sample Industry 0,0.10578202047398919,0.0449462129838357,0.04057639305480933,0.461090128235448,0.19475035294959764,1.4177026837240485,7.555562914945254,4.686746535966017,17.124340483045135,-0.04419548074354335,0.015275069311096559
NVDA,2024-04-01,Utilities,Sample Industry 0,0.10262021641695526,0.09952269082714076,0.02065110934842178,0.46102525766255303,0.1999412589841048,1.4762887961715796,7.7812045714511,4.378077162762451,17.672180702978416,-0.005959344892488271,0.016305460327109382
NVDA,2024-07-01,Utilities,Sample Industry 0,0.06085589975744572,0.08477760851312777,0.0617055792319289,0.47686864379749877,0.23127753163935771,1.0937002593710818,6.741758795912183,5.07433740510222,18.028826312468773,-0.017036790019301345,-0.0035122741411467272
NVDA,2024-10-01,Utilities,Sample Industry 0,0.0533898684243113,0.08244904685239501,-0.0024468555463670397,0.48960880558431075,0.22818472811021953,1.255631292322136,7.820780735043797,4.660944830935963,18.546341153584123,0.030486835156887174,-0.011559727105748865
NVDA,2025-01-01,Utilities,Sample Industry 0,0.04787255755819096,0.06353270736493415,-0.002993693590374963,0.4484324475989017,0.19283583981656574,1.4462812765902626,7.804824156644969,4.649933511342796,18.06674917584178,0.014520314175053221,0.01819850472157092
NVDA,2025-04-01,Utilities,Sample Industry 0,0.08520821558440181,0.028707693191281847,0.07514544142282206,0.463365926495229,0.1977635749924726,1.122735782229352,6.797643766719949,4.567580149987025,18.02844112898254,0.020415228458153037,-0.007545440621074124
NVDA,2025-07-01,Utilities,Sample Industry 0,0.08188303778130211,0.03197524312689301,0.037797177116510615,0.4956046431992952,0.2038971331610845,0.946684412665657,7.405691362803544,4.769263870926886,18.58288433554454,-0.065258622423303,-0.01960028984384533
NVDA,2025-10-01,Utilities,Sample Industry 0,0.09349179303719815,0.04130111749158004,0.020958423668934988,0.4929449700203608,0.19027613630087076,1.1667676110886824,7.134261778559086,4.371040195737757,17.361522876717473,-0.0038272236792214545,-0.011847475195584569
NVDA,2026-01-01,Utilities,Sample Industry 0,0.07525801171485336,0.08988886135999778,-0.028738666756311967,0.4590504153680256,0.19879800038547046,1.2016864385046455,7.208632529738346,5.1107926867199325,19.428721971553784,0.08029162448528984,-0.029446335998090285
NVDA,2026-04-01,Utilities,Sample Industry 0,0.06163265498573674,0.14691815372842226,0.04486452112420106,0.4780885196265876,0.20915838021790803,1.1914366741872098,7.627011387758036,4.679062572299951,17.559956233488325,0.007264589335503565,0.0028244182378461134
AMD,2018-01-01,Technology,Sample Industry 1,0.11020302100313147,0.032133809220966716,0.003594643502184129,0.5135186231252296,0.12394538836193963,2.180033499945162,8.498126785985981,5.356637714788137,11.289118790033637,0.061450379970349314,0.044964910044989204
AMD,2018-04-01,Technology,Sample Industry 1,0.12021304296944449,-0.006012565229748433,-0.04918417614986022,0.5141241159788513,0.09119732460900151,2.1475022673129343,8.141053245733907,5.518405467604281,12.127098240011417,-0.0071388074797647805,-0.022655602111391247
AMD,2018-07-01,Technology,Sample Industry 1,0.03642868604457939,0.11571840833265197,0.07205385393696889,0.47342232158062925,0.12533850965203536,1.921035547825525,8.249780661740623,5.44492532868474,13.824197989660318,-0.03685069499041064,-0.01133295866561513
AMD,2018-10-01,Technology,Sample Industry 1,0.13164024243300915,0.03484503135547601,0.07883267383543033,0.5331171386559297,0.11520038406521182,1.964403555523067,8.33730472783627,4.957649775053986,10.032444178267871,0.009928648703924943,-0.024376839280341577
AMD,2019-01-01,Technology,Sample Industry 1,0.08048971576855903,0.09209454308370814,0.08155916602510194,0.5466786628816882,0.13029146755872537,2.058423119575668,7.666052861380169,5.0744938711957595,9.070792267744064,0.045194577277904414,-0.011329194828802694
AMD,2019-04-01,Technology,Sample Industry 1,0.06856773072106973,-0.002795207332109209,0.0024142685617018766,0.5024312623973124,0.09932165418837618,2.044983692310941,7.8466866431691615,5.184817724013149,9.963798229026704,-0.031032035445213317,0.01778115273495824
AMD,2019-07-01,Technology,Sample Industry 1,0.0707293538601323,-0.025432403432978104,-0.03882344478479778,0.5353404671336841,0.13449250140221206,1.9730254783897214,8.285307087835701,5.081795053725439,12.466139569378404,0.00584514935095008,-0.013044375962088498
AMD,2019-10-01,Technology,Sample Industry 1,0.07051482381507071,0.0562670943884906,-0.043740847734951835,0.5294023296232783,0.12645041569297247,1.6529155088346468,7.403369674183447,4.665716807225012,10.816557728022392,0.0006620980228669699,-0.03654005500169013
AMD,2020-01-01,Technology,Sample Industry 1,0.05557667097067115,0.03540056148938227,0.009155610465399613,0.5029228532933837,0.10476374750207085,2.2938277501737523,7.67957382882245,5.487027565631463,10.690616803819056,0.010336040085694076,0.03236192916812289
AMD,2020-04-01,Technology,Sample Industry 1,0.1025995133039683,-0.03861711717849478,0.06649991457147228,0.5190101027871926,0.1055858147086584,2.1541366391512335,8.31852027202943,5.130254477128837,12.516127368741268,0.0022048062765358555,0.01059954391431691
AMD,2020-07-01,Technology,Sample Industry 1,0.09226864655968485,-0.023036435601200916,0.03911989068276018,0.4846930538481295,0.09463039449277437,2.2531444356470667,7.9497013960137215,5.206407721591337,9.116454760591747,-0.016584698941762736,0.0049218260760549885
AMD,2020-10-01,Technology,Sample Industry 1,0.07108447559889793,0.017922470846249726,0.03610985684574306,0.49651228783791096,0.09929532811033795,1.7078352975907833,7.532638008117397,5.282153804216967,13.155188455611878,-0.014160914459402776,-0.021516110387110633
AMD,2021-01-01,Technology,Sample Industry 1,0.08379172037994495,-0.008205528275965733,-0.008154036138563886,0.4965101755174964,0.12446063485435042,2.023421164495174,8.090231718604741,5.0764137208637425,13.32349227750782,-0.0016122286255864802,-0.014682813779088973
AMD,2021-04-01,Technology,Sample Industry 1,0.09214665188479974,0.02378262627136355,0.055519084656843506,0.49511418350502784,0.11974074937176492,2.3234915649255328,8.416304493964624,5.50040843586576,11.66703919734956,-0.020819682629069566,-0.00835004120796222
AMD,2021-07-01,Technology,Sample Industry 1,0.11045665637651278,0.08637230896439718,0.04231109988940374,0.527949634295157,0.09833797533494235,2.19572182943692,7.132795188433287,4.972642276488996,11.304793625665658,-0.018832744623360955,-0.0007317393477016274
AMD,2021-10-01,Technology,Sample Industry 1,0.17829505110274363,0.03525320886167539,0.11612100853705436,0.4942510884140569,0.14465280891105994,1.85924852052408,8.333971370199471,5.36292548669433,12.703380875895538,-0.0009778920566907798,-0.029884876332513688
AMD,2022-01-01,Technology,Sample Industry 1,0.06241111703907683,0.05197227185266728,0.06717162867608531,0.49951107413868107,0.11310995293022334,2.135308475527274,7.639887658006286,5.334117513573278,11.96038576627342,0.020838793159291706,-0.035667165157744055
AMD,2022-04-01,Technology,Sample Industry 1,0.07856836840724817,0.11152858130972804,-0.05646978558614685,0.5041323742908351,0.11341758507599932,1.836477186251621,7.685364111776531,5.009559381783903,13.80629893297499,0.002320307642721042,0.010406246601445417
AMD,2022-07-01,Technology,Sample Industry 1,0.07045147820989593,-0.010197218420789689,0.07402011248991018,0.5249062386808913,0.10114792560711384,1.7648810170892397,8.593280163921218,5.474518566992964,11.853967504601151,0.019820801040615836,0.0344335596109101
AMD,2022-10-01,Technology,Sample Industry 1,0.11534387485072174,0.09591195642472411,0.06968631362023837,0.5076514120156895,0.10525982194028917,2.3671260838470465,7.072154217572743,5.105712552447894,12.27792814714537,-0.01999599492165923,-0.00193221545254631
AMD,2023-01-01,Technology,Sample Industry 1,0.09000513296386449,0.06038559865486615,0.06139102425623448,0.5375114870651725,0.15961845140320113,2.1159321501507478,8.089595269786333,5.389974755145165,11.481809442481143,-0.0133469364632888,0.001978400426737641
AMD,2023-04-01,Technology,Sample Industry 1,0.1118362000834112,0.09492760997750578,0.0020046809845959135,0.520104706832444,0.1269574575171315,2.39551531757356,8.428115778996066,5.634247001005232,10.907123989730653,-0.030760700446275595,0.0004247184250196264
AMD,2023-07-01,Technology,Sample Industry 1,0.10872142221309296,-0.004071946670796016,0.05047003470381291,0.5190611295651523,0.13101258240575012,2.306117038727333,7.438399152114187,4.994854819791548,12.535137532455993,-0.01333533165616804,0.009648478449089393
AMD,2023-10-01,Technology,Sample Industry 1,0.11235929558766451,-0.018649675539345323,0.12196599062952182,0.5432375375759345,0.090737852609423,1.8953664461122501,8.364195000619558,5.182386629176391,12.485292339667508,-0.02584847768514236,0.025940761896697313
AMD,2024-01-01,Technology,Sample Industry 1,0.05177287394539381,0.046465337539822994,0.041720574302242575,0.4824802115598318,0.12518154128894057,2.04782376277778,8.273364612744803,4.861562236894762,13.348119031895747,-0.024611642696179572,-0.015370302809603248
AMD,2024-04-01,Technology,Sample Industry 1,0.0746682655076919,0.07761850937693159,0.01640024333806709,0.5052102087880032,0.13002930384167627,1.9533284487028766,7.7728031311190415,5.0955221301018305,11.67569128598021,0.005132006839659766,0.023817757644951358
AMD,2024-07-01,Technology,Sample Industry 1,0.09229122878869613,0.09423675872119511,0.06858354590446672,0.5393799071114571,0.12501865430843423,1.9318785654335249,7.172340716443306,5.240862088853698,12.45848622007429,0.01909302947994429,-0.030815243515274836
AMD,2024-10-01,Technology,Sample Industry 1,0.06736806020372973,0.018103710777538966,0.0059058032124239095,0.5254508854821468,0.13131394843660915,2.239515074508395,7.412941151523919,4.81965673628127,11.97462375577645,-0.02152070265282518,-0.0002668897248183094
AMD,2025-01-01,Technology,Sample Industry 1,0.09009247862284457,0.08389857844395474,0.08373441076977653,0.4990892245825715,0.12713574753710083,2.1035979068975235,8.565490566501873,5.395357642630165,10.349447758521736,0.011204532341873661,-0.006294294411504863
AMD,2025-04-01,Technology,Sample Industry 1,0.04844416420764929,0.09303293220713155,0.000906866231375647,0.510970222883406,0.10897700091729384,2.0136835069886967,8.135864210584185,5.444979431144081,14.020081248647106,0.05609990389774409,-0.010638052177516304
AMD,2025-07-01,Technology,Sample Industry 1,0.11931467878552073,0.10649966740332989,0.07468170717365029,0.521463771154823,0.12318627965806007,1.948181347398725,7.711178788289412,5.105099553464694,12.612270619406473,-0.014667272532591648,0.019622477481020188
AMD,2025-10-01,Technology,Sample Industry 1,0.06289844264104051,0.09161977809302152,-0.010627176534166345,0.49114665972430666,0.11131830991344306,2.345856513221045,8.450400445794003,4.885836346923874,13.522488123069557,-0.007639165181172461,-0.034474158808591046
AMD,2026-01-01,Technology,Sample Industry 1,0.14754405999786557,0.04192171471413579,-0.010330845197843858,0.5311789317805586,0.14475413737271206,1.7099871471751196,8.32979530153781,5.032783774787761,10.772907244351028,-0.005239591959065294,0.002474834664264901
AMD,2026-04-01,Technology,Sample Industry 1,0.07563482084312516,0.011795657817010356,0.027295153559561094,0.5359231956814855,0.11309203137380885,2.252515649847703,7.788307852874233,5.365478034481778,12.191784283871158,-0.027680401329271728,0.033205941374032176
AVGO,2018-01-01,Industrials,Sample Industry 2,0.03127239661482571,0.04351457939606549,0.015758820117537625,0.3469201932061431,0.08596218214107715,1.7322093253419115,3.3721132041371757,2.139905928946341,13.668282959684788,0.01516958466762404,-0.020010941278330106
AVGO,2018-04-01,Industrials,Sample Industry 2,0.0614534898155266,0.08794970654137567,-0.004666977999715126,0.31557933369919283,0.17321247590230346,1.5974357335311944,3.999927277630217,2.44152246074753,13.716078444515222,0.0060460357987602575,0.014461560023836851
AVGO,2018-07-01,Industrials,Sample Industry 2,0.13770590235929137,0.011640002533509594,0.006430667312839644,0.376648822029235,0.1755522708778992,1.78056404393594,4.022227625060296,2.8870587660563407,13.295976903674497,0.015620606803074222,0.0116690651096336
AVGO,2018-10-01,Industrials,Sample Industry 2,0.12584918849969376,0.04356157922490451,0.019092358629352248,0.34531402358768043,0.14218369679753637,1.742925950855967,4.265587433174804,3.05418723436996,13.109131977064704,0.03443229326439534,-0.0010632058747107273
AVGO,2019-01-01,Industrials,Sample Industry 2,0.08974576555314405,0.06774261503726686,0.07761493793048593,0.3373632554157428,0.15797603027607365,2.127044078551196,3.775421184854617,2.1819452436390896,13.247252374835162,0.0019887696556373587,0.023752927441705655
AVGO,2019-04-01,Industrials,Sample Industry 2,0.11991571361041842,0.08128307892855961,0.03120422105634597,0.3768669432314021,0.18277642454986426,1.4655416073425953,3.721214184760153,1.961672132343252,14.28982453889468,-0.011665660184550217,-0.000966411189582998
AVGO,2019-07-01,Industrials,Sample Industry 2,0.11016417860626024,0.02908403413509425,0.053338016610808725,0.34933023870774055,0.15060470384610855,1.7755652327599192,4.46935100722191,2.5833202619597704,14.96180991596929,-0.03738723268239617,-0.010125146656213842
AVGO,2019-10-01,Industrials,Sample Industry 2,0.132226121374907,0.07501905189531566,0.06624713676216351,0.36070797677663274,0.16267057302903418,1.9170192269794324,4.701884425446337,2.2756514248577737,12.808913042202702,-0.009503692943064525,-0.003244496246317963
AVGO,2020-01-01,Industrials,Sample Industry 2,0.04130810698000873,0.07603746880671516,-0.026943494749545126,0.3368607778653182,0.14552577572470388,1.7279161362534714,3.8743552150690785,2.3882330979970328,13.73637980395954,-0.04958766333402373,0.037441728679611444
AVGO,2020-04-01,Industrials,Sample Industry 2,0.10787782699686203,0.11594226642993836,0.03498661612133859,0.35705885336569004,0.14830424227059258,2.0866975794627045,3.5174068744084694,3.015638774552417,14.75320864214607,0.03730951894225256,-0.02871336222147483
AVGO,2020-07-01,Industrials,Sample Industry 2,0.0510090970521218,0.052634544133154396,0.010198325979634507,0.35867602316940467,0.13228171833504088,1.8191779006504905,3.868506494475844,1.8416419577489738,13.248316809958595,-0.008235148135729153,0.02114185432363751
AVGO,2020-10-01,Industrials,Sample Industry 2,0.17969560229292447,-0.036319093395327934,0.05000372572744308,0.3831364901336198,0.1262407614462638,1.8079048673931897,3.54540611053061,2.513723010482641,13.297882728967418,-0.025245696754428032,-0.03898317460405513
AVGO,2021-01-01,Industrials,Sample Industry 2,0.10023156309475999,0.09963096640740454,-0.07056571208602996,0.3270909927335358,0.15224639327055656,1.381918546783667,3.2081038609598718,2.4451646057594685,16.315801757501628,-0.0212555285787656,-0.0066551141849298815
AVGO,2021-04-01,Industrials,Sample Industry 2,0.09463639808107535,0.04814521262021002,-0.043434176039172295,0.3458257376408546,0.17777013135429295,1.785876687474662,3.832804547425374,2.7353000865526327,14.022442120017173,0.040828447124303516,-0.018086516036029933
AVGO,2021-07-01,Industrials,Sample Industry 2,0.14724750823882435,0.011016303575865957,0.04087937897802578,0.31918324428331135,0.18068452270138513,1.8485691114977831,3.844459629472752,2.5768024975822783,13.38508018725022,0.029164440753280094,0.0002131076786505137
AVGO,2021-10-01,Industrials,Sample Industry 2,0.09636639638762222,0.03565872176984766,0.16061119456219475,0.35885453427934355,0.14972601564188817,1.684265994515168,3.664250936332788,2.8815930753568946,14.158174924821294,0.004786489781669685,0.021407544869139785
AVGO,2022-01-01,Industrials,Sample Industry 2,0.12039710868687091,0.06124509776110317,0.06333013622962941,0.38182854320657844,0.17912374731711478,1.7935529362856897,4.386001831977852,1.9925334633052039,12.927899843453954,0.01813454379549406,-0.022441271825448705
AVGO,2022-04-01,Industrials,Sample Industry 2,0.11706288709926002,0.039662384715722365,0.025064707280810873,0.35704740194967155,0.12918586730910084,1.7418268600419013,4.587804350691159,2.149577846840331,14.80940168698982,-0.023240516199517905,0.011404612061140308
AVGO,2022-07-01,Industrials,Sample Industry 2,0.10019948586873227,0.06510709156702707,0.1603130043640147,0.378100648988562,0.15679613952042457,1.555443304788196,4.40178842636471,2.5868995449784493,12.928851445673459,-0.02274806855059277,0.01916570302908436
AVGO,2022-10-01,Industrials,Sample Industry 2,0.06695705496449811,0.0737567985650324,0.03446155704975848,0.3480166982684124,0.15342341891958236,1.717497997203814,4.457800723546436,2.1387204597101683,14.281901882278591,0.020317888745032434,-0.007578305108672973
AVGO,2023-01-01,Industrials,Sample Industry 2,0.05016668400921305,0.11390371990648882,0.08966340866445843,0.3226590608639747,0.10982736453383007,2.0728631066039234,3.707911629332994,2.6430022983171284,14.54298264172349,-0.004327685754560942,-0.03798803572785684
AVGO,2023-04-01,Industrials,Sample Industry 2,0.07662491112017643,0.06481375369919429,0.047383454897428096,0.3285759842128944,0.1712601520915481,1.6882276168982773,3.7041244218088094,2.184906407656348,13.638356646503334,-0.04643952393122679,-0.0072461794445873445
AVGO,2023-07-01,Industrials,Sample Industry 2,0.06773941675982292,0.10484214123069399,-9.661387754599307e-05,0.3306833753390573,0.13177852383888902,1.8998886232852539,3.9700459079839576,2.7015098424478987,13.195312550239148,0.016700908794693277,-0.037575733280000086
AVGO,2023-10-01,Industrials,Sample Industry 2,0.17718319647303848,0.010139453428469093,0.00557617483574652,0.34631520923860704,0.1700016293873572,1.641060096232642,3.0026562423216037,2.4878024020056806,14.37614748054257,-0.059013845220336064,-0.02280119831230255
AVGO,2024-01-01,Industrials,Sample Industry 2,0.11261945582213298,0.025043986606038737,-0.03407641951091227,0.3716564218401175,0.13843025338439513,1.4189590841012267,4.1900147197884365,2.2267553157166295,12.414388556150021,0.029687157535753808,-0.008660242953738479
AVGO,2024-04-01,Industrials,Sample Industry 2,0.13201992944801633,0.03277022120163907,-0.04695859027004376,0.3322767979641669,0.14581125413438065,1.5929813385341518,4.709522462985011,2.6076257907423477,13.232760237828636,-0.012235224660583542,0.034833175781130724
AVGO,2024-07-01,Industrials,Sample Industry 2,0.11234339077879738,0.09015016625434191,-0.021469222860609344,0.35145930154950195,0.1762483576802977,2.014155938713742,3.5162257119164066,2.5079370475285567,14.373874992755061,-0.0048791062217767075,-0.04396776611222875
AVGO,2024-10-01,Industrials,Sample Industry 2,0.08368040423287512,0.057130325908441235,0.035364527994382805,0.35709567537168885,0.1480218783628747,1.5553642343052285,3.894008981372446,2.3963850011882593,13.882564701497657,-0.013101629554547285,0.00958344331585388
AVGO,2025-01-01,Industrials,Sample Industry 2,0.09016247404900316,0.00035495872581252363,0.10516111571759701,0.3602426610103673,0.16851360154096146,1.83331423477113,4.681781358753616,2.918001680772406,15.083144878061132,0.0027599212451460712,-0.006617747918420363
AVGO,2025-04-01,Industrials,Sample Industry 2,0.13427098573860533,0.0003195628098542416,-0.002118071320944735,0.36637770438654826,0.14877021762675657,1.268340212554793,3.862330867213646,2.617507127856459,14.219772020630598,0.0006174896875024849,0.04863858840475253
AVGO,2025-07-01,Industrials,Sample Industry 2,0.10509617915140575,0.03929560236322899,-0.0048137590434004715,0.34193486850367233,0.17757009563356252,2.2588200259194386,4.144852504786012,2.5246274617250637,14.596237474368436,0.025435131236407792,0.003215729508531757
AVGO,2025-10-01,Industrials,Sample Industry 2,0.08098828750070251,0.03229271260118376,0.021748686261010827,0.33504873026820287,0.14982627431817297,2.011764030913819,4.533523148657912,2.543601339751445,14.68516257314089,0.0341548152506692,-0.020337666484124498
AVGO,2026-01-01,Industrials,Sample Industry 2,0.08282398029628488,0.04279710698994518,-0.057604301795872045,0.373175169722068,0.13644775701360262,1.6838937328737293,3.5915993813098126,3.0125612507529067,12.527610223888813,0.0038262211099669013,-0.006506189259633017
AVGO,2026-04-01,Industrials,Sample Industry 2,0.13698945934877538,0.010128839915607667,0.02260959535955302,0.3179399299401758,0.131276914617216,1.6984789561644167,4.009936255588243,2.884497350735645,13.589683092773635,0.05562012735390013,-0.016491629985330533
CEG,2018-01-01,Materials,Sample Industry 0,0.0910094052754121,0.16695523076013596,0.03749714815034558,0.37772149889261375,0.18473649513253246,1.2395069719066416,4.453122895033799,3.0281266625040284,16.2903427710785,-0.05173111911646596,0.003289770123240475
CEG,2018-04-01,Materials,Sample Industry 0,0.14719274329728735,0.06291545462069141,0.15664303400164142,0.38707232938592595,0.21215595998752548,1.550872485555935,4.804638017296692,2.977350543523321,15.669116364927959,0.01394163628661172,-0.0464396365400019
CEG,2018-07-01,Materials,Sample Industry 0,0.06358811451464885,0.15400047475690368,0.005520950082013119,0.40625420171709303,0.15794499664610115,1.4736735005488557,4.999752849498615,3.2584123420298754,15.026378894409369,-0.017881698850345597,-0.03267750923051815
CEG,2018-10-01,Materials,Sample Industry 0,0.08610033441871309,0.08249803560040593,-0.054747855123028016,0.39329706762552513,0.23563927772606075,1.546495414530812,5.283280521119971,3.4879334276992537,16.808246462413592,-0.030867866120688328,-0.014671160642386676
CEG,2019-01-01,Materials,Sample Industry 0,0.14006073206716038,0.07899567313758347,-0.01801731717082833,0.37822700667168785,0.207468816566154,1.6900561463175243,4.84289995714842,3.2559773056161907,14.535888284320023,-0.027880395706558675,0.026030036262446248
CEG,2019-04-01,Materials,Sample Industry 0,0.10205189467821976,0.07905712132094249,-0.01334257567416447,0.40898618141214077,0.18607780795951728,1.6291674741664295,4.883554656267467,3.2465223081840247,16.05938151020531,0.04435313775653587,-0.005882217184840265
CEG,2019-07-01,Materials,Sample Industry 0,0.13995135315701812,0.05880893002600289,0.019399354894260687,0.4024318867045471,0.15717019000376886,1.4251322990299324,4.570697779894467,3.174653354425263,16.96858362799892,0.016905171672667793,-0.005823045019413181
CEG,2019-10-01,Materials,Sample Industry 0,0.1603032431524083,0.04998386370777427,0.03957883459605592,0.3814004041869681,0.18334534379875136,1.4290073659936327,4.3728283519188915,3.3710905270230724,16.18230995605734,0.07885851466412373,0.006650031024586135
CEG,2020-01-01,Materials,Sample Industry 0,0.10602081899243282,0.11754348413347206,0.0010091590571398336,0.41515402040674776,0.1858711859534965,1.3056778724612281,5.331630334034138,2.770966996955235,14.103655304394884,0.030909174138225953,0.007791440998641814
CEG,2020-04-01,Materials,Sample Industry 0,0.13302873554245476,0.06586193096192731,0.010922761582652055,0.3814509562232198,0.1272185861025897,1.4724598412450138,5.561095667682628,3.3681397547422596,17.220049852447683,0.04333920492717977,0.013432585738291678
CEG,2020-07-01,Materials,Sample Industry 0,0.09241664547498894,0.02754906482490633,-0.09152779102753793,0.4098836634809732,0.1771948076675176,1.6871540788080626,5.873256373464732,3.319084047689813,16.62519721781779,-0.00769959355548022,0.0006997968594078994
CEG,2020-10-01,Materials,Sample Industry 0,0.16731477797758937,0.11537833489256256,0.03143243132627195,0.39206799050087937,0.17003648141757113,1.2703386322360983,5.400993177396492,3.256576149647331,15.310036192542873,-0.027866388294601446,0.005728718787830869
CEG,2021-01-01,Materials,Sample Industry 0,0.1474674040143259,0.008918843733668233,0.03920038091374318,0.3897573564092617,0.15806787985998783,1.7674929264995685,4.936558553667877,2.8187641423664602,17.746684865647467,0.0006311739515656446,0.011082128484764309
CEG,2021-04-01,Materials,Sample Industry 0,0.11892644108074166,0.05452537081294192,-0.008764752590943725,0.3834128217490786,0.19602366206987723,1.5431219027051675,4.744253527177368,2.9080718704235062,15.839819855710722,0.02621583630909137,-0.019369022870839487
CEG,2021-07-01,Materials,Sample Industry 0,0.07141848004768234,0.09135131698650144,0.014080374387355172,0.35217774978634353,0.21474571129191347,1.6805216902427549,4.284472142273514,3.053444864802965,16.822078474367927,0.042996439610105644,-0.008275090055010764
CEG,2021-10-01,Materials,Sample Industry 0,0.1326914474949201,0.033973694431717286,-0.08823805520639069,0.3904024736477271,0.15184398082591313,1.3850938170893283,5.014330591470455,3.0826439080586474,15.149318407486048,-0.03290967246661536,0.03656207825438972
CEG,2022-01-01,Materials,Sample Industry 0,0.13733621389254153,0.10092547275406721,-0.03600485268956678,0.4126253813381092,0.1693661424898147,1.4090871663874096,4.5375187018956336,3.3761967583969237,15.76701992434143,0.017906024579232824,0.010974260078372225
CEG,2022-04-01,Materials,Sample Industry 0,0.09448520585771783,0.11566278427703017,0.03066927260853479,0.38599551035617297,0.18628243976723982,1.38217178773122,5.625367134718218,2.9550316931486784,17.279515364396513,0.00978382679350566,0.019949446869908377
CEG,2022-07-01,Materials,Sample Industry 0,0.07176055589357637,0.13050355434984573,0.04961723923998144,0.3865599499839589,0.2016102950363668,1.5003509504184542,4.584997368437523,3.172066142232144,16.471103463345965,0.020261601348227003,0.024705090948488245
CEG,2022-10-01,Materials,Sample Industry 0,0.14800764780190723,0.1099580816685321,0.035265275714658706,0.38825440654248883,0.17409263549613588,1.255784147505525,5.272619118284344,3.399070045744297,16.190893346650686,0.026242768407170467,0.0005059887843094885
CEG,2023-01-01,Materials,Sample Industry 0,0.10110321102074485,0.006711730680821017,0.01169204615663343,0.39424621879398275,0.19073167987846526,1.4642683332085062,4.859372347756157,3.0815022414183244,16.364559390239723,-0.01442506894110092,-0.008465869662159828
CEG,2023-04-01,Materials,Sample Industry 0,0.08805946154183787,0.05809170443477125,0.005255588231067965,0.3825660903593832,0.21381648758811728,1.4733418067817805,4.187467923102239,3.1165585265886797,15.96025537541669,0.02902346585378958,0.03677654276492507
CEG,2023-07-01,Materials,Sample Industry 0,0.0868306628693475,0.07165646517151107,0.014714437879090355,0.38763640268010807,0.1902113796173523,1.6599049145384244,5.025144221901593,3.1739626713471667,15.617198083229002,0.05298990221214362,-0.00840291626248804
CEG,2023-10-01,Materials,Sample Industry 0,0.10674919793407807,0.11930071169429259,0.057729910584637056,0.3934502983965048,0.18711655693675452,1.7015036323917658,5.232260576298867,3.0998940340890093,18.440715629023295,-0.023714021051107426,0.0063544625843591765
CEG,2024-01-01,Materials,Sample Industry 0,0.10787073746997229,0.04839414360086212,0.04707082052063154,0.3752394651181755,0.20403527196998897,1.6100265226231598,4.600559462554974,3.0882535194100673,16.16040144886744,-0.028384986926547208,0.00765715944021551
CEG,2024-04-01,Materials,Sample Industry 0,0.1304193271646739,0.01232861078290707,0.018877275658707893,0.37647379212866516,0.1697581625730985,1.2012344846074112,5.181306834839676,2.9281851091420146,16.06662378915508,0.08686554481205483,0.025781380091370345
CEG,2024-07-01,Materials,Sample Industry 0,0.11580766777535681,0.09759387243441375,0.10132552915212976,0.37180150433667675,0.16718969287787858,1.4813471423028872,4.993342760302679,3.3337290338532197,15.42266508477383,-0.026026102638654784,0.000627609794615511
CEG,2024-10-01,Materials,Sample Industry 0,0.11191683590063775,0.1457251808949172,0.012376763934147737,0.3622886924215975,0.2011127916511707,1.5186449749800282,4.4034368315641,3.058090408717085,14.21881103744446,-0.0115346092315243,0.02930134906396807
CEG,2025-01-01,Materials,Sample Industry 0,0.11632305815481195,0.11308634720395082,0.08292465052507973,0.38465525493679253,0.16753050459388108,1.2341584218913764,4.89821192365881,3.096627543439547,16.145621176905244,0.011564516976910466,0.023179589171962323
CEG,2025-04-01,Materials,Sample Industry 0,0.15480326668748476,-0.0020112787286206135,0.011462285323884436,0.3674120026441898,0.15827739411018443,1.3289971366920235,5.4458655214761045,3.105872680953858,15.229853104368685,-0.026650140176803293,0.00509025844971907
CEG,2025-07-01,Materials,Sample Industry 0,0.1307703266223348,0.05745456199708376,-0.060313938373842496,0.4017173169235276,0.22882435620957048,1.5686459867550735,5.15215752053997,3.0217312123239193,15.875869734890442,-0.0032781571945455,0.02667826123749731
CEG,2025-10-01,Materials,Sample Industry 0,0.1575845942906794,0.07966305238197377,-0.018328992055975095,0.36092127201228513,0.16563447733115802,1.1124778350935158,4.503477510538819,3.307352625019559,16.76353947719958,0.038237982271564525,0.012038927650250242
CEG,2026-01-01,Materials,Sample Industry 0,0.09522987912377315,0.09168289543254295,-0.06907099041531437,0.38841706954078575,0.1564277652714871,1.4633842702428397,4.696800299325056,3.015128125669529,15.825394730126082,-0.016613007608835658,0.025216076014485812
CEG,2026-04-01,Materials,Sample Industry 0,0.11559021714130066,0.1803231382245897,0.0014000055025075314,0.40835297660506575,0.2073945191217908,1.288961460345825,5.93193142478683,3.246132758318758,16.17908546815055,0.0025165493098314342,-0.005924833307802635
VST,2018-01-01,Utilities,Sample Industry 1,0.164479075938529,0.04492125114414137,0.04385757931131824,0.41217465205835774,0.2347746630681761,1.249863856261268,5.93886509415646,3.8718393707424164,17.041615661962382,-0.02136424804165608,0.002132629433032167
VST,2018-04-01,Utilities,Sample Industry 1,0.13759873855524443,0.007471242714573723,0.00015059709130826188,0.4066816209551335,0.16323828793747702,1.4410650935333207,6.084753316783141,3.38835147696172,18.60199355663853,0.051515521511977864,-0.003808765804808661
VST,2018-07-01,Utilities,Sample Industry 1,0.14935403187567994,0.12997087053808676,0.001565005403864065,0.3994918910663657,0.19681433025965966,1.2012029523133927,6.066561569928011,3.7824395015844425,18.42596548074893,-0.02248534617045417,-0.005171864202636291
VST,2018-10-01,Utilities,Sample Industry 1,0.13423671742644483,0.06307147700083088,0.06968646172512094,0.44303384147990466,0.2134502717242683,1.1625985084283206,6.124851021880588,4.201931582725186,17.815873401482282,-0.008940447448368345,0.024826988424417704
VST,2019-01-01,Utilities,Sample Industry 1,0.09604239084880468,0.10543018634245918,-0.06447917521172228,0.4416855962829796,0.1980691445340973,1.1548316476458955,5.812977736781758,4.091874477083084,18.532456431894023,0.0012767559163606365,-0.05542276405879009
VST,2019-04-01,Utilities,Sample Industry 1,0.07270003742172534,0.060007202307092763,-0.02468153614001406,0.46180319692057314,0.22747998776455589,1.3700625089260317,5.635333179055042,3.4396357165024924,16.79435451316549,0.002700857914128489,0.002564673635702305
VST,2019-07-01,Utilities,Sample Industry 1,0.12266008031818898,0.018745976910877545,0.11561933559642935,0.4414716102745231,0.22593814779857677,0.7172651164663476,6.191926478220227,3.9706222430593447,18.17947831121166,-0.102134881796443,-0.012744346956942754
VST,2019-10-01,Utilities,Sample Industry 1,0.12707249018956865,0.051060572698772205,0.06153239507937663,0.4271243361294415,0.21523000538638298,1.2923207319628216,6.459495289956349,4.248387488058196,15.977431838071858,0.028104250722131324,0.005925446851298624
VST,2020-01-01,Utilities,Sample Industry 1,0.16070789811941708,0.10229776254815856,0.008673983543116333,0.39643883858558415,0.2336817252198804,1.420977766380579,6.3999693020852835,4.022800186425265,16.218529498496476,0.0458322288462589,-0.013486526705305965
VST,2020-04-01,Utilities,Sample Industry 1,0.13267638211913263,0.027340827549791537,-0.003816247616197692,0.39880829647414096,0.23007479218867197,0.9388639509174848,5.977015615950325,3.6258827949789865,18.508713920749205,-0.00631756908732286,0.017713159166155023
VST,2020-07-01,Utilities,Sample Industry 1,0.14307492029165483,0.025717257635751653,0.03548268560686312,0.4380028542718277,0.20584251173867543,1.0917752625508923,6.00008468494567,4.322662095433218,17.34757383343965,-0.015589424733094933,0.012972596784553625
VST,2020-10-01,Utilities,Sample Industry 1,0.06382299074011319,0.08068708016579093,-0.02804952675877556,0.47136258884717047,0.1628662342622644,1.096127517381153,5.643562233671952,3.6983630257228706,16.19091359547052,-0.05337287834548597,-0.04134222119396857
VST,2021-01-01,Utilities,Sample Industry 1,0.08988637003909115,0.111957452284703,-0.00010729831166819692,0.4641644545851326,0.21756648401853662,1.042899582302171,6.2688474198190205,3.6164464732112314,19.524903729606176,0.039789438498985794,-0.010290960919618326
VST,2021-04-01,Utilities,Sample Industry 1,0.12821302738099724,0.11395035777051274,0.019826874875215512,0.443229073423987,0.2138983329545848,1.1504721572484709,5.930506133533661,3.4996947857822103,18.41558378792619,-0.03400418317130072,-0.022208527485278743
VST,2021-07-01,Utilities,Sample Industry 1,0.12794043965624446,0.01446679364139871,0.03905297844195062,0.41302452302567205,0.21844347982525839,1.3967503247002833,6.547761614088522,4.069249846229928,16.514892582609548,0.0211947113764343,0.01881001572296885
VST,2021-10-01,Utilities,Sample Industry 1,0.09355465101047383,0.047013168724592824,-0.05510347404092211,0.43717143299418304,0.2168275697059301,1.2431267977010667,6.568192948628652,4.480701370314055,17.39766317129325,-0.040271942699841815,-0.0010569957851191722
VST,2022-01-01,Utilities,Sample Industry 1,0.07498296622200318,0.03267067707586744,0.051248742470582795,0.4193954130627959,0.20945142878143674,1.5338408967884543,5.929561408269736,4.095382633094377,18.127358583567926,0.036462204266341204,0.019759915402737055
VST,2022-04-01,Utilities,Sample Industry 1,0.11046846303242229,0.13470198661370839,0.09363899562968538,0.45616703405434755,0.19804828568430338,0.8927279233524956,6.020500594677261,4.330345456441039,17.026563825131905,-0.006696359065430183,0.022522071933057965
VST,2022-07-01,Utilities,Sample Industry 1,0.03655483355642636,0.05269046304143209,0.07294278903627777,0.4539294606806921,0.21700573304514137,1.0843043336797342,4.7874581409515224,3.486478726094209,15.770660948479108,-0.029722711345729753,0.009922620264510072
VST,2022-10-01,Utilities,Sample Industry 1,0.16416253754801646,0.023724408620955782,0.028393959664119357,0.40586173760618327,0.1946729823499459,0.8858053595439346,6.373638484495677,4.167373586453526,18.805876556786252,-0.009319575037489019,-0.019277672220406772
VST,2023-01-01,Utilities,Sample Industry 1,0.0783835114721453,0.10458880895540681,-0.023689429595366712,0.4172001402459047,0.22632111962691404,1.2229744819381423,6.01074245884397,3.4665565356161787,18.658303230529988,0.04340852449510157,-0.0051691963090832425
VST,2023-04-01,Utilities,Sample Industry 1,0.10098342198197086,0.10045251016727393,-0.1063524692700967,0.474143133619346,0.23879777594179719,1.4642524824014678,5.727161792282255,4.006224438071142,19.080578840103115,0.013468293053407236,0.006304336592315304
VST,2023-07-01,Utilities,Sample Industry 1,0.12320447833085216,0.07948089457472612,0.04191151600747884,0.45669162428698556,0.19298736923640386,1.2043999046710683,6.089621000492996,4.3196135906856625,18.374689385373106,0.00037362774357670826,-0.014250937908181882
VST,2023-10-01,Utilities,Sample Industry 1,0.18088195675659502,0.09421060598992938,0.04337104364375591,0.4348923475110353,0.20584793189424516,1.2852460466381126,5.680077887305784,3.8203594959156315,19.368366243904074,0.009899107925916072,-0.02407220347186083
VST,2024-01-01,Utilities,Sample Industry 1,0.1269184576432725,0.07663968456738528,-0.003408041836759211,0.43313713213780664,0.23541103391953733,1.0874594213904218,5.87791757762421,3.3172621467070105,20.128691998646755,0.00884139604578233,0.004381222527701361
VST,2024-04-01,Utilities,Sample Industry 1,0.08849197471539294,0.10679938382255708,0.1033187654432509,0.4354180253854336,0.20339266544479317,1.5463882422685633,6.4684077120958134,3.4495068188695086,17.66147347812047,0.028185749625424163,-0.011176676827981402
VST,2024-07-01,Utilities,Sample Industry 1,0.10003062258988021,0.1858962980880024,-0.010727697527780196,0.430564617859394,0.2282963468619213,1.1625359303644216,5.53998893522421,3.8338018196523818,17.493454033115555,0.007942864967302067,0.005267227847803476
VST,2024-10-01,Utilities,Sample Industry 1,0.09407812251752332,0.05939670788546219,-0.03057716719435137,0.44269676086903975,0.20665278992601427,1.2983265519565024,6.65758293037558,3.153483580722567,18.22595521754506,-0.02793421817663924,0.03524042371963999
VST,2025-01-01,Utilities,Sample Industry 1,0.06989351774385169,0.07768478641113127,0.04289053125600967,0.419998757624696,0.210251304670778,1.5293694555928175,5.521062527549064,4.0288245403545595,18.71052598552727,-0.02556881030926449,0.025604753237825646
VST,2025-04-01,Utilities,Sample Industry 1,0.19746726630929,0.07344764492190886,-0.09675045990068926,0.4254412958872381,0.20327287101008165,1.2108318609358995,5.968652476107863,3.9917468404031804,18.119294981262076,-0.052301964878737534,-0.002824053676366607
VST,2025-07-01,Utilities,Sample Industry 1,0.12290144406357567,0.06972247773238167,-0.08937983411145739,0.44465787767497256,0.21584749724346194,1.491373572073847,6.8221519363738095,4.064742116697094,19.485818584668262,0.03411685516138261,0.0007445640183303552
VST,2025-10-01,Utilities,Sample Industry 1,0.07083346143160697,0.06354990442569101,0.019040992870581204,0.39979294471026433,0.2079257684155812,1.2516081387907672,5.229703487224499,3.925942375896233,17.309120698464422,-0.015856890037722754,0.00980798059242797
VST,2026-01-01,Utilities,Sample Industry 1,0.09948958653388577,0.07025869027612708,0.029606210983750894,0.4353908121408392,0.18331279308606968,1.2959060174221362,6.107519628261841,3.7053005332859135,18.882067634703475,-0.05951566622545011,0.0028301130903334265
VST,2026-04-01,Utilities,Sample Industry 1,0.10540218531696366,0.03161817591132626,-0.012541787268570186,0.4424727676051746,0.24181147850390852,1.3491104215337664,6.704339375478321,3.782876199023783,18.139948787490912,-0.006568163415764797,-0.0005461749992230905
FCX,2018-01-01,Technology,Sample Industry 2,0.15324141428091492,0.09489332158759085,-0.011374639561437333,0.46896110417921444,0.13818615265436596,1.789002314819612,6.464991515021271,4.773205699139707,12.601823952583405,-0.004917655324953586,-0.010996349379200547
FCX,2018-04-01,Technology,Sample Industry 2,0.1281259584352227,0.04902562691273687,0.023379474960795805,0.4503975313502628,0.0984499567468547,2.0636642843388056,7.136574168652851,4.356063682611277,13.136683272799901,-0.012832243864941091,0.031826282609778433
FCX,2018-07-01,Technology,Sample Industry 2,0.1252156211981241,0.08552526214203553,0.02425893531997784,0.43810504603846145,0.16523883633428627,2.2288519445983916,6.949600397047191,4.434472071623603,10.789390652129903,0.008646242253941174,0.020597186516761658
FCX,2018-10-01,Technology,Sample Industry 2,0.11891217704207613,0.1019815805141667,0.043649719411461854,0.48964847082821406,0.12332566018518311,1.952451327268109,7.396089188423431,4.916157399853689,12.042616684249346,0.0725567280827981,-0.003174529853270004
FCX,2019-01-01,Technology,Sample Industry 2,0.15172808169897375,0.06770361051057006,-0.04594466344866735,0.43085185832477435,0.13002272229870174,1.8843290770588832,6.826703988069874,4.307260535730061,11.307600374035859,-0.01062875340630304,0.008319640589630205
FCX,2019-04-01,Technology,Sample Industry 2,0.08328547385957819,0.16854505357312438,-0.010225834947215004,0.43230126295804383,0.10812103718601869,2.3578120676109147,6.935745374682576,4.857431018152427,11.944567598853215,-0.014521064221579236,-0.03538438188776534
FCX,2019-07-01,Technology,Sample Industry 2,0.1286789366170263,0.0553954967407547,0.1127658028155732,0.46743685921980965,0.1355800601353065,2.3036079062847197,7.633023502319931,4.425640723054884,11.368030426295784,-0.02189724972141691,0.010011194258778736
FCX,2019-10-01,Technology,Sample Industry 2,0.14545636431227302,0.06908402024844792,-0.018429919853604856,0.4691650172884294,0.1398357783135975,2.1332264949187008,6.222967431341086,4.902684662894719,12.633713514379034,-0.01224443879869342,0.0056919323541655
FCX,2020-01-01,Technology,Sample Industry 2,0.16288994342258847,0.05020612844974642,0.09346824188194423,0.454907113034555,0.12133682146709068,2.0825314258760654,6.945587968507621,4.566001086445908,11.334704062821139,-0.08032791772668296,-0.030600040734593176
FCX,2020-04-01,Technology,Sample Industry 2,0.11241779114206472,0.07031189151800475,0.014994041560428389,0.4306310635310926,0.14717725904413562,1.8924900017329789,6.3267144945601865,4.667786771072172,12.40008006255355,0.017115800029149825,-0.008127939790743758
FCX,2020-07-01,Technology,Sample Industry 2,0.18446768583843892,0.09385256236072055,0.14155955674360307,0.456167891586514,0.10336395440545573,2.244736958275985,6.8934029260967185,5.11979434517323,11.753341420651253,-0.0538070823977566,-0.036849083365403545
FCX,2020-10-01,Technology,Sample Industry 2,0.17346933262122716,0.06912052486730011,0.09623604270395567,0.44825971879449256,0.12640920056233282,2.268835980508512,7.141467227324538,4.370391035420969,11.04565664546212,0.0223187180965818,-0.02243864024235494
FCX,2021-01-01,Technology,Sample Industry 2,0.16857459723034873,0.15141186391730888,0.0460765869040405,0.45010196531673147,0.10851843203624341,2.1955720506946026,6.76674354111917,4.163842032760361,11.037220506106904,0.022705091359650296,5.36861329752294e-05
FCX,2021-04-01,Technology,Sample Industry 2,0.10721161860565256,0.07566358153280792,0.14156575298901947,0.4910553396855981,0.11624335593461149,2.0952455685691582,6.969903384017239,4.5591233860269105,12.96995789947298,0.026572456386216064,0.012830268430446457
FCX,2021-07-01,Technology,Sample Industry 2,0.1831809551555418,0.15691379384592502,0.055411974183729513,0.49566549341946653,0.1064135067440654,1.8749014240740989,6.714353679410901,4.559619745425488,12.28120876114388,-0.013815126046607644,0.0007515217588858263
FCX,2021-10-01,Technology,Sample Industry 2,0.14085948861120381,0.14609099301990108,-0.010422747842863914,0.47083156878560944,0.12402065822443001,2.063707935649085,7.265168415526349,4.25708053532055,12.555851707133098,-0.03922380350699994,0.016869603773858623
FCX,2022-01-01,Technology,Sample Industry 2,0.14012667098765336,0.06606734669206904,0.07759615739992026,0.49169970757459663,0.11779377059136588,1.979421249558071,6.570343153566558,4.5096437931397135,12.285848339456258,0.01591339796318952,-0.020356282218030066
FCX,2022-04-01,Technology,Sample Industry 2,0.1835521149484547,0.08001420573266817,-0.04793030695983433,0.44145667151419227,0.1359085096373565,2.1448701777539823,7.767456776413943,5.109764677662644,13.261521096111604,-0.018570805680739877,0.004434329832130102
FCX,2022-07-01,Technology,Sample Industry 2,0.24184383876822077,0.11757822965160833,-0.029349579862440578,0.48901843027220143,0.1351599748008034,2.1756288961389467,5.845376027364195,4.059716501789363,13.046681497680884,-0.019216596527160464,0.044179555328407026
FCX,2022-10-01,Technology,Sample Industry 2,0.14853873820981725,0.06494528649443246,0.07453700600376634,0.46815454213980207,0.09568878816986073,2.0964296396417326,7.1727349039419215,4.545848466593592,11.513425433069878,0.06686208824436732,0.004790617915742525
FCX,2023-01-01,Technology,Sample Industry 2,0.14604256095719853,0.07772782638039855,0.04559128738918158,0.5199656678151943,0.1339978815500498,2.1303659570092757,6.907814357723747,4.57832672744789,13.443433089786287,-0.050841377793755985,-0.028095573711470003
FCX,2023-04-01,Technology,Sample Industry 2,0.12079024305133104,0.06269316457852998,-0.035992842995339544,0.48220310139956135,0.056796040193137415,1.9773256038410942,7.213315407870382,4.5637227282196475,11.284656191474726,0.010120371265676333,0.0563454635765452
FCX,2023-07-01,Technology,Sample Industry 2,0.12184979070965117,0.09631407592221478,0.013420355769367356,0.48585744197195263,0.11012515574052377,2.1323880537795095,6.294400007101785,4.0027954878341525,12.602842910541298,0.007524265405980454,-0.011784432279664431
FCX,2023-10-01,Technology,Sample Industry 2,0.09571937965187446,0.09917730643856534,-0.017423224994304654,0.4598836260320148,0.16962736661062108,1.8696397766961552,7.030726944156091,4.331564021445568,11.08977241520862,0.04143687254576437,-0.013327436980219615
FCX,2024-01-01,Technology,Sample Industry 2,0.14233778506803832,0.14441901770939608,0.03347682292814631,0.5048150731246394,0.11103461530876543,2.065420242800785,6.607287736910028,4.60010600014633,12.16254609246261,-0.02724137087141043,-0.028210920065015833
FCX,2024-04-01,Technology,Sample Industry 2,0.14357448102240583,0.11709631773037302,0.05467484343102422,0.48208411984641253,0.13166808998528873,1.8149194561883908,6.597013731830585,4.820040324300129,10.751676685056227,-0.03969974600670655,-0.023073411830633876
FCX,2024-07-01,Technology,Sample Industry 2,0.17730513864181763,0.10289485260894594,0.08478967927746228,0.44354504647870663,0.14489227643234054,2.22670206051238,7.011134382120877,3.9679063535438623,10.666998052965202,0.048972515359259866,0.004624795757029887
FCX,2024-10-01,Technology,Sample Industry 2,0.11426087099987967,0.1797840142059901,0.04754322340679486,0.4519217062388947,0.1103852644192293,2.0805070947201925,7.380497555200703,4.384401280990092,11.941184821570998,-0.004187798933877385,0.009563534692492383
FCX,2025-01-01,Technology,Sample Industry 2,0.19499296347836859,0.1339774604087509,0.0836774859368192,0.477737201152074,0.14444043677425708,2.0487857077038454,7.250947299156223,5.107320253883272,12.057411243341726,-0.02401353312814397,0.005877128901470924
FCX,2025-04-01,Technology,Sample Industry 2,0.09097735466346088,0.021571589122604186,0.04084555919942911,0.4884786802918842,0.145904477288166,2.051659019487311,6.722575025645386,4.439629374586808,11.988069559860538,0.006621535766274601,-0.01821289607692038
FCX,2025-07-01,Technology,Sample Industry 2,0.13169295692700964,0.014711937012598542,0.07853696423369186,0.47854574789111753,0.12717381546906714,2.2172281222310564,7.613224304731826,4.767648717068507,11.204409580844969,-0.016786230356057617,-0.02960994484394392
FCX,2025-10-01,Technology,Sample Industry 2,0.17525796950397635,0.051579361663659194,0.11408134895737548,0.46541911306194295,0.129609399065084,1.6702400401514037,6.959165895439778,4.464964099638902,11.197912278617999,-0.006119589440037908,-0.03498748603335576
FCX,2026-01-01,Technology,Sample Industry 2,0.16805323113625456,0.07245496080073902,0.011266287553144318,0.47997219278386033,0.09960177684833225,2.1248702488605984,7.098094247963301,5.252111321028884,13.30259751580602,-0.0631850171413297,0.02145384450057746
FCX,2026-04-01,Technology,Sample Industry 2,0.14315678745553237,-0.004701691039037309,0.07656607776513757,0.46645857119053413,0.1094147760339827,2.149844112156273,6.636643518902745,4.809004687862104,13.441023240909795,-0.024556781987363847,0.02517211765518783
SCCO,2018-01-01,Industrials,Sample Industry 0,0.18548416915629745,0.16024957194250794,0.05033782888517911,0.5013293210341806,0.16128684569788135,1.5410977229513967,8.401456061252059,5.709227861867267,14.589437407434295,-0.030981757196491246,0.0028639062553482892
SCCO,2018-04-01,Industrials,Sample Industry 0,0.13323235547158171,0.12874618648169,0.0008720264774559616,0.5031404159451638,0.13048455013229013,1.8912657285894778,8.256762822953055,5.62456677721649,14.359555949216562,0.012248452646633979,-0.014933881888157403
SCCO,2018-07-01,Industrials,Sample Industry 0,0.15692379506586177,0.18884755676820564,0.0616519099703313,0.46690636651547673,0.1552136344039138,1.908155487513169,7.654150648510774,5.020115641912973,13.266169562936945,-0.013466550778066444,0.021566742431024483
SCCO,2018-10-01,Industrials,Sample Industry 0,0.14965626006225477,0.05449752265758903,0.10587562477018106,0.5188062028758564,0.1412299392256567,2.5486681360890495,8.553366114012011,4.952348789197854,14.489449082832921,-0.008738316886264783,-0.01937507327326624
SCCO,2019-01-01,Industrials,Sample Industry 0,0.07925997180097083,0.1315602361924578,0.036927639999273135,0.5205264856095729,0.14124142102364778,1.679155255830866,8.866082023987508,5.14707788640791,13.917037159758745,-0.052837331457390384,-0.004086899497998995
SCCO,2019-04-01,Industrials,Sample Industry 0,0.17722839097173626,0.1442458936248924,0.08326106453861706,0.5234119958972855,0.16648740656909664,1.4127697051859538,7.419153291213399,5.6442320727087605,13.940539035382367,0.04070687682900993,-0.03173987683205812
SCCO,2019-07-01,Industrials,Sample Industry 0,0.14339238523454276,0.06815075650755387,0.006910167701414019,0.4852196884589784,0.15554358631489845,1.3414861208903348,7.842434952131297,5.248515717624331,15.7543114852567,-0.004777772900270632,-0.01934059361357423
SCCO,2019-10-01,Industrials,Sample Industry 0,0.1694184573489932,0.15273573976922822,0.1209394699730586,0.5205466449747174,0.16088454855201592,1.72041173029061,8.103022593495737,5.412401565661228,14.122630843162653,0.04822167357612693,-0.005356559581106543
SCCO,2020-01-01,Industrials,Sample Industry 0,0.12694056994898972,0.1250840803916423,0.009572537552733722,0.4954901697215407,0.1419958053143887,1.5579700221681994,7.805901818556024,5.446553015642585,14.077615057381498,-0.024811298948850525,-0.045767213930982445
SCCO,2020-04-01,Industrials,Sample Industry 0,0.11745755104669608,0.07573640665375207,0.08147110060603449,0.4884626254433824,0.1605106125501032,2.1028845932115807,8.48280621036468,5.857090861758823,14.35290859854072,-0.0031750353204141974,0.015577781082032368
SCCO,2020-07-01,Industrials,Sample Industry 0,0.09016303743810375,0.12156252570668324,0.08073221779182355,0.4879971235792582,0.17465836090141326,2.179985448676625,8.22224864784771,5.527308378912512,12.750504930077215,-0.014984404904996371,-0.004569305143261886
SCCO,2020-10-01,Industrials,Sample Industry 0,0.14725822646949727,0.06158904538657044,-0.028898766792618144,0.5258703530218856,0.15948395834897192,1.7881125055099205,7.541682334307323,5.491504043053536,12.792752423342705,0.012868794269095485,-0.016550100824049747
SCCO,2021-01-01,Industrials,Sample Industry 0,0.13008824483926706,0.14438299523890413,0.05599038081364266,0.5143897972850778,0.16125272922783618,1.6411982685321942,7.211631834917339,5.2418967414648785,15.547398178051045,-0.012720407472993623,0.0021135022647729954
SCCO,2021-04-01,Industrials,Sample Industry 0,0.1192411853076753,0.1370385974776536,0.08036809102958697,0.530580579156612,0.16621452807374368,1.854082743202462,7.75539472000407,4.972076830507762,15.54688773558483,0.025246494887898832,0.01900371621689341
SCCO,2021-07-01,Industrials,Sample Industry 0,0.17042034342999277,0.07798960384097034,0.10127691961289681,0.5037179306941018,0.16312434545608775,1.5078332736501852,7.7941256144324615,5.425229863719984,15.15857816212801,-0.009033910696208612,-0.005645912451612551
SCCO,2021-10-01,Industrials,Sample Industry 0,0.1013459935630123,0.12681216125244443,0.06867037592220684,0.4957892867903476,0.19110196791400613,1.6656976144369968,8.076388798059451,5.168978333888064,13.930303893507286,0.0040960065311876044,-0.02111420665710455
SCCO,2022-01-01,Industrials,Sample Industry 0,0.1510350412584185,0.060338022817811504,0.0015830553631963167,0.5054585135339871,0.1776039420646633,1.9263656206673354,8.644706371541876,5.570262985805253,13.011145641446399,-0.03440274969290127,0.036915344185983294
SCCO,2022-04-01,Industrials,Sample Industry 0,0.12025193322540147,0.09955443118740293,-0.00469544898354704,0.5113098484513964,0.1430788688223028,1.438398981714791,7.745501573890005,4.850121139283746,12.800169528401398,-0.019254415510324766,-0.01323698048241146
SCCO,2022-07-01,Industrials,Sample Industry 0,0.1785478614814155,0.0770197975663871,0.10253048539682276,0.5089260345538319,0.17753170906970045,1.8020337050405657,7.607638730310835,5.488205697924869,15.401952675474456,-0.016073853900549467,0.003323761133177592
SCCO,2022-10-01,Industrials,Sample Industry 0,0.09253701039515733,0.09470140126595786,-0.06544861039469839,0.5552711408369163,0.15263099842176753,1.8340749777783032,8.10841690217325,5.077004546363138,14.58889970690238,0.02408769417804075,-0.01715594001759921
SCCO,2023-01-01,Industrials,Sample Industry 0,0.17025149484990396,0.1252747008426183,-0.05146949991221522,0.5236516352840332,0.14459345335523996,1.6614569445544873,7.798030496539167,5.400617675690355,14.295955995307542,0.05405640762223913,-0.014413739721288578
SCCO,2023-04-01,Industrials,Sample Industry 0,0.1509163153500367,0.13637101315170108,0.03313111534791599,0.4922505671518636,0.12754988025877922,1.7331461592626691,7.80449197683528,5.601404347886403,15.274892437448296,0.042760436732933504,0.003965081548509719
SCCO,2023-07-01,Industrials,Sample Industry 0,0.12619801339538397,0.023707598627187035,0.09063533821089231,0.48898182031795434,0.09097176582319036,1.6068200959320607,7.96419815729199,5.166643014045881,12.995144676265442,0.006137365141086561,-0.027953498791416013
SCCO,2023-10-01,Industrials,Sample Industry 0,0.13404668386169358,0.12505816551816784,0.044460404254136374,0.5250212923832719,0.11662938906402245,1.5108668673517147,7.399174215532274,5.2132967424063,14.286288704472314,0.06977344191847593,-0.019165521979127256
SCCO,2024-01-01,Industrials,Sample Industry 0,0.1036946749996283,0.049634701373388934,0.011515148625272132,0.49679866183866334,0.14063436491845038,1.6413466332441915,7.440448282240485,5.137057328297299,13.623044606379144,0.09913269634042239,0.008809594467144534
SCCO,2024-04-01,Industrials,Sample Industry 0,0.15858251425088896,0.15715485241556393,0.04372210198216574,0.5213182969850054,0.12274858606898893,1.8408570707053664,7.910835009219784,5.632722017812436,13.377132341993487,0.02595104203658914,-0.010929848565799784
SCCO,2024-07-01,Industrials,Sample Industry 0,0.13731790112300926,0.08462818715892523,0.002097525319839748,0.5375501064843772,0.14021979518739236,1.6716932302656526,8.45054212428936,5.332034363677775,13.319414769200227,-0.024852451681163,-0.007244860850110149
SCCO,2024-10-01,Industrials,Sample Industry 0,0.13914543895900247,0.07920758700526717,-0.0023307154169354694,0.48871611292727946,0.12287179809947515,1.8341740432656566,7.734483624836761,5.186262890702576,15.755168161431211,0.014228306851603766,-0.023238044221871975
SCCO,2025-01-01,Industrials,Sample Industry 0,0.13260383104461995,0.08135950925604388,0.08757363375283225,0.4971815857227715,0.12287450088038294,1.9163718130847647,8.230611605841704,5.515184237759709,12.627756549082937,-0.08101960458338128,0.019327186123594495
SCCO,2025-04-01,Industrials,Sample Industry 0,0.14139427844967284,0.06589677554496082,-0.049626521720154554,0.5274858934713577,0.16375577972201955,1.7735489393098787,8.006999936743735,4.843985146211619,12.750544758956227,0.037086605794123775,0.002477652814804614
SCCO,2025-07-01,Industrials,Sample Industry 0,0.14715696788077032,0.11139949639915754,0.022357596486301964,0.5221423383500314,0.1465205324130571,1.7353564241206914,7.991069107851106,4.974456638866788,15.423874154998567,-0.012579674478797286,-0.0022198959715746
SCCO,2025-10-01,Industrials,Sample Industry 0,0.10340857551616138,0.10560513404798143,0.007444908301634131,0.5213283043068423,0.16096643000186373,1.7716878383198806,8.150342787523387,5.42153479337266,13.654497202748184,-0.004061376425722832,0.030136490033933813
SCCO,2026-01-01,Industrials,Sample Industry 0,0.17867505315097706,0.09597294738760746,0.08328539585055626,0.5181395520841113,0.11913508569734063,1.7807284934869045,7.9583699758574244,5.62550501394688,13.326892791330108,0.021087473969741567,0.027154251329513573
SCCO,2026-04-01,Industrials,Sample Industry 0,0.1465983957585962,0.09444001861800308,0.005608640194006146,0.519520005577928,0.1627807011684424,1.9863585264667416,8.219319060224446,4.983934192676863,11.725846619627005,-0.02835578396061262,0.018535012666375267
